time,activity,pain,gain,stu_id,time_type,time_hr,time_min,time_range,group_pain,group_gain,activity_num,last_act
08.30,ตื่นนอน,ไม่อยากตื่น อยากนอนต่อ,ได้เริ่มต้นวันใหม่,6210422033,,8,30,08.00-09.00,ความลำคาญ,สดชื่น,1,
08.35,อาบน้ำ,ยังอยากนอนต่อ,สดชื่น+สะอาด,6210422033,,8,35,08.00-09.00,ง่วง,สดชื่น,2,
09.00,กินอาหาเช้า,ต้องสั่ง Delivery,อิ่มท้อง,6210422033,,9,0,09.00-10.00,ความลำคาญ,อิ่ม,3,
10.00,เดินทางด้วย BTS ไปทำงาน,ราคาสูง,เดินทางสะดวกสบาย,6210422033,,10,0,10.00-11.00,แพง,ฟิน,4,
10.30,ถึงที่ทำงาน เริ่มทำงาน,,เป็นช่วงที่พร้อมทำงานที่สุด,6210422033,,10,30,10.00-11.00,ไม่ระบุ,ฟิน,5,
13.00,กินอาหาเที่ยง,มีร้านให้เลือกน้อย,พักจากการทำงาน และอิ่มท้อง,6210422033,,13,0,13.00-14.00,ความลำคาญ,ฟิน,6,
13.45,กินกาแฟ,,รู้สึกตื่นพร้อมทำงานสำหรับช่วงบ่าย,6210422033,,13,45,13.00-14.00,ไม่ระบุ,ฟิน,7,
14.00,เริ่มทำงานช่วงบ่าย,อยากพักต่อ,ได้เริ่มทำงานที่ค้างอยู่ให้เสร็จ,6210422033,,14,0,14.00-15.00,ง่วง,ฟิน,8,
15.15,ประชุมทีมย่อย,,สรุปงานที่จะทำประจำวัน,6210422033,,15,15,15.00-16.00,ไม่ระบุ,ฟิน,9,
15.45,ประชุมทีมใหญ่,,สรุปรายละเอียดระหว่างทีม,6210422033,,15,45,15.00-16.00,ไม่ระบุ,ฟิน,10,
19.15,ประชุมสรุปงานประจำวัน,เวลากระชั้นก่อนเลิกงานแค่ 15 นาที,รู้ความคืบหน้าและปัญหาในแต่ละวัน,6210422033,,19,15,19.00-20.00,ความลำคาญ,ฟิน,11,
19.30,เลิกงาน,ยังคิดเกี่ยวกับปัญหางานที่ค้างอยู่,ออกจาก office กลับบ้านได้,6210422033,,19,30,19.00-20.00,ความลำคาญ,พักผ่อน,12,
19.30,เดินทางด้วย BTS กลับบ้าน,ราคาสูง,เดินทางสะดวกสบาย,6210422033,,19,30,19.00-20.00,แพง,ฟิน,13,
20.00,กินอาหารเย็น,อาหารเดิมๆ ซ้ำๆ,อิ่มท้อง,6210422033,,20,0,20.00-21.00,ความลำคาญ,อิ่ม,14,
21.00,อาบน้ำ,,สดชื่น+สะอาด,6210422033,,21,0,21.00-22.00,ไม่ระบุ,สดชื่น,15,
21.30,เล่นอินเตอร์เน็ท,กลัวตกเทรนด์,ได้ความรู้ใหม่ๆ,6210422033,,21,30,21.00-22.00,ความลำคาญ,เรียนรู้สิ่งใหม่,16,
22.30,ดูทีวี,รู้สึกเสียเวลา,ได้พักผ่อน,6210422033,,22,30,22.00-23.00,ความลำคาญ,พักผ่อน,17,
00.00,นอน,,,6210422033,,0,0,00.00-01.00,ไม่ระบุ,ไม่ระบุ,18,1.0
07.30,ตื่นนอน,ง่วงนอน,ไดพักผ่อนเต็มที่,6210422035,,7,30,07.00-08.00,ง่วง,ฟิน,1,
08.00,อาบน้ำ,น้ำเย็น,สดชื่น ตื่นตัว,6210422035,,8,0,08.00-09.00,หนาว,สดชื่น,2,
08.30,แต่งตัว,เสื้อยับ,ภาพลักษณ์ดี,6210422035,,8,30,08.00-09.00,ความลำคาญ,ฟิน,3,
09.00,เดินทางไปทำงาน,รถติดระหว่างเดินทาง,ถึงที่ทำงานก่อนเวลางาน,6210422035,,9,0,09.00-10.00,ความลำคาญ,ฟิน,4,
09.15,ถึงที่ทำงาน,คนรอเข้าตึกเยอะ,สาวๆให้ส่องเยอะ,6210422035,,9,15,09.00-10.00,ความลำคาญ,ฟิน,5,
09.30,กินข้าวเช้า,หิว,อิ่ม,6210422035,,9,30,09.00-10.00,หิว-กลัวอ้วน,อิ่ม,6,
09.45,ซื้อกาแฟ,ง่วงนอน,ตื่นตัวเมื่อได้ดื่มกาแฟ,6210422035,,9,45,09.00-10.00,ง่วง,ฟิน,7,
10.00,เริ่มงาน,ไม่มี Passive income,ได้เงินเดือนตอนปลายเดือน,6210422035,,10,0,10.00-11.00,แพง,ได้เงิน,8,
14.00,กินข้าวเที่ยง,หิว,อิ่ม,6210422035,,14,0,14.00-15.00,หิว-กลัวอ้วน,อิ่ม,9,
14.30,ซื้อของกินเล่นเพิ่มเติม,อยากกิน,หายอยาก,6210422035,,14,30,14.00-15.00,ความลำคาญ,ฟิน,10,
15.00,เรื่มงานบ่าย,มีงานค้างจากตอนเช้า,เคลียงานเสร็จก่อนเลิกงาน,6210422035,,15,0,15.00-16.00,ความลำคาญ,ฟิน,11,
19.00,เลิกงาน,เหงา,ได้พักผ่อน,6210422035,,19,0,19.00-20.00,ความลำคาญ,พักผ่อน,12,
19.30,กินข้าวเย็น,หิว,อิ่ม,6210422035,,19,30,19.00-20.00,หิว-กลัวอ้วน,อิ่ม,13,
20.00,เดินทางกลับบ้าน,รถติดระหว่างเดินทาง,ถึงบ้าน,6210422035,,20,0,20.00-21.00,ความลำคาญ,พักผ่อน,14,
20.30,ดู Netflix,เสียค่ารายเดือน,ได้ผ่อนคลาย สนุก,6210422035,,20,30,20.00-21.00,แพง,พักผ่อน,15,
21.30,อาบน้ำ,น้ำเย็น,สดชื่่น สะอาด รู้สึกผ่อนคลาย,6210422035,,21,30,21.00-22.00,หนาว,สดชื่น,16,
22.00,นอนอ่านหนังสือ,ทำให้ง่วงนอนง่าย,ได้ความรู้เพิ่มเติม,6210422035,,22,0,22.00-23.00,ง่วง,ฟิน,17,
23.30,เข้านอน,ไม่อยากนอน,ได้นอนหลับพักผ่อน,6210422035,,23,30,23.00-24.00,ความลำคาญ,ฟิน,18,1.0
07.00,ให้อาหารแมว,,มีความสุข,6220422004,,7,0,07.00-08.00,ไม่ระบุ,ฟิน,1,
07.30,นอน,,,6220422004,,7,30,07.00-08.00,ไม่ระบุ,ไม่ระบุ,2,
08.30,ตื่นนอน,นอนยังไม่พอ อยากนอนต่อ,รู้สึกได้พักผ่อน,6220422004,,8,30,08.00-09.00,ความลำคาญ,พักผ่อน,3,
09.00,อาบน้ำ,หนาว,รู้สึกสะอาด สดชื่น,6220422004,,9,0,09.00-10.00,หนาว,สดชื่น,4,
10.00,Meeting,หาข้อสรุปไม่ได้,ทุกคนมีความเข้าใจในทางเดียวกัน,6220422004,,10,0,10.00-11.00,ความลำคาญ,ฟิน,5,
11.00,ทำงาน,แก้งานจุดเดิมเพิ่ม,สนุกที่ได้ทำงานต่างๆ,6220422004,,11,0,11.00-12.00,งานเพิ่ม-ไม่เสร็จ,ฟิน,6,
13.00,ทานมื้อเที่ยง,ทานเมนูเดิม,อิ่ม,6220422004,,13,0,13.00-14.00,ความลำคาญ,อิ่ม,7,
14.00,ทำงาน,แก้งานจุดเดิมเพิ่ม,สนุกที่ได้ทำงานต่างๆ,6220422004,,14,0,14.00-15.00,งานเพิ่ม-ไม่เสร็จ,ฟิน,8,
15.00,Meeting,หาข้อสรุปไม่ได้,ทุกคนมีความเข้าใจในทางเดียวกัน,6220422004,,15,0,15.00-16.00,ความลำคาญ,ฟิน,9,
16.00,ทำงาน,แก้งานจุดเดิมเพิ่ม,สนุกที่ได้ทำงานต่างๆ,6220422004,,16,0,16.00-17.00,งานเพิ่ม-ไม่เสร็จ,ฟิน,10,
17.30,Shopping,ช๊อปเพลิน กระเป๋าเบาเลย,ได้ซื้อของ คลายความเครียด,6220422004,,17,30,17.00-18.00,ความลำคาญ,พักผ่อน,11,
18.30,ทานมื้อเย็น,ไม่รู้จะกินอะไร กลัวอ้วน,อิ่ม,6220422004,,18,30,18.00-19.00,ความลำคาญ,อิ่ม,12,
19.00,ทำงาน,แก้งานจุดเดิมเพิ่ม,สนุกที่ได้ทำงานต่างๆ,6220422004,,19,0,19.00-20.00,งานเพิ่ม-ไม่เสร็จ,ฟิน,13,
21.00,อาบน้ำ,หนาว,รู้สึกสะอาด สดชื่น,6220422004,,21,0,21.00-22.00,หนาว,สดชื่น,14,
21.30,เล่นเกมส์,อยากเล่นต่อ,ผ่อนคลาย,6220422004,,21,30,21.00-22.00,ง่วง,พักผ่อน,15,
22.00,Self Learning,เวลาไม่เข้าใจ ขาดคนแนะนำ,ได้พัฒนาตัวเอง,6220422004,,22,0,22.00-23.00,ความลำคาญ,เรียนรู้สิ่งใหม่,16,
00.00,เล่นกับแมว,,มีความสุข,6220422004,,0,0,00.00-01.00,ไม่ระบุ,ฟิน,17,
01.00,นอน,,,6220422004,,1,0,01.00-02.00,ไม่ระบุ,ไม่ระบุ,18,1.0
06.45,Wake up,Still sleeping,Fresh recovery,6310422093,,6,45,06.00-07.00,ง่วง,สดชื่น,1,
07.00,Jogging or execise,Tired,Burn calories,6310422093,,7,0,07.00-08.00,เหนื่อย,ออกกำลังกาย,2,
08.00,Take a shower,Do it quick,Get clean,6310422093,,8,0,08.00-09.00,ความลำคาญ,สดชื่น,3,
08.30,Drive a car to workplace,Bad traffic,Comfortable personal car,6310422093,,8,30,08.00-09.00,รถติด-ต้องขับรถ,ฟิน,4,
09.15,Breakfast,Less choices of restaurant,Not hungry,6310422093,,9,15,09.00-10.00,ความลำคาญ,ฟิน,5,
09.30,Start a work,Stressful job,Earn salary,6310422093,,9,30,09.00-10.00,ความลำคาญ,ได้เงิน,6,
13.00,Lunch,Many choices of restaurant,Not hungry,6310422093,,13,0,13.00-14.00,ความลำคาญ,ฟิน,7,
14.00,Back to workplace,Stressful job,Earn salary,6310422093,,14,0,14.00-15.00,ความลำคาญ,ได้เงิน,8,
18.00,Dinner,"Low cal. Food, not a good taste",Not hungry,6310422093,,18,0,18.00-19.00,ความลำคาญ,ฟิน,9,
18.30,Drive a car to gym,Bad traffic,Comfortable personal car,6310422093,,18,30,18.00-19.00,รถติด-ต้องขับรถ,ฟิน,10,
19.00,Fitness,Tired,Burn calories,6310422093,,19,0,19.00-20.00,เหนื่อย,ออกกำลังกาย,11,
20.30,Drive a car to home,Bad traffic and less vision,Safty arrive,6310422093,,20,30,20.00-21.00,รถติด-ต้องขับรถ,พักผ่อน,12,
21.30,Take a shower,Concentrate body washing,Get clean,6310422093,,21,30,21.00-22.00,ความลำคาญ,สดชื่น,13,
22.00,Gaming on computer,Wasted time,Entertaining,6310422093,,22,0,22.00-23.00,ความลำคาญ,ฟิน,14,
1900-01-01,Sleep,Less sleep quality,Recovering,6310422093,,0,0,00.00-01.00,ความลำคาญ,สดชื่น,15,1.0
07.30,ตื่นนอน,ไม่อยากตื่น อยากนอนต่อ,ได้เริ่มต้นวันใหม่,6310422096,,7,30,07.00-08.00,ความลำคาญ,สดชื่น,1,
07.35,อาบน้ำ,หนาว ไม่อยากอาบ,สดชื่น+สะอาด,6310422096,,7,35,07.00-08.00,หนาว,สดชื่น,2,
07.45,เดินทางไปทำงาน,ขี้เกียจขับรถ,ได้ตั้งสติก่อนสตาร์ท,6310422096,,7,45,07.00-08.00,หนาว,สดชื่น,3,
08.00,สแกนนิ้ว,นิ้วเปื้อน,เข้างานทัน,6310422096,,8,0,08.00-09.00,ความลำคาญ,ฟิน,4,
08.10,เดินรอบคลัง,เมื่อยขา ง่วงนอน เบลอ ๆ ,เดินรู้ความเคลื่อนไหวในคลัง,6310422096,,8,10,08.00-09.00,ความลำคาญ,ออกกำลังกาย,5,
08.30,ดูแผนตู้เข้า,แผนมาช้ากว่าตู้,ได้ออกกำลังกายเดินไปตามงาน,6310422096,,8,30,08.00-09.00,ความลำคาญ,ออกกำลังกาย,6,
09.00,ทำ Label ติดงาน,เดินไปถ่ายเอกสารไกล,ได้ทำป้ายชี้บ่งให้กับงานรู้ง่าย,6310422096,,9,0,09.00-10.00,ความลำคาญ,เรียนรู้สิ่งใหม่,7,
10.00,ตรวจสอบงานที่ลงตู้,ชอบมองข้ามงานบางงาน,ให้รับรู้ว่างานมาครบ,6310422096,,10,0,10.00-11.00,ความลำคาญ,เรียนรู้สิ่งใหม่,8,
12.00,พักเที่ยง,หิว,หายหิว,6310422096,,12,0,12.00-13.00,หิว-กลัวอ้วน,ฟิน,9,
12.45,งีบ,งีบไม่ค่อยหลับ,ได้พักผ่อนเต็มที่,6310422096,,12,45,12.00-13.00,ความลำคาญ,พักผ่อน,10,
13.00,ช่วยลูกน้องเรียงงาน,ปวดหลัง,งานเรียบร้อย ได้ออกกำลังกาย,6310422096,,13,0,13.00-14.00,ความลำคาญ,ออกกำลังกาย,11,
14.00,ตรวจสอบงานขาเข้า,ปวดตา ปวดคอ,ได้รู้ว่างานมาครบจริงไหม,6310422096,,14,0,14.00-15.00,ความลำคาญ,เรียนรู้สิ่งใหม่,12,
17.00,พักเบรค,นั่งว่าง,ผ่อนคลาย,6310422096,,17,0,17.00-18.00,ความลำคาญ,พักผ่อน,13,
17.30,มาเรียงงานที่เหลือ,ปวดหลัง,งานเรียบร้อย ได้ออกกำลังกาย,6310422096,,17,30,17.00-18.00,ความลำคาญ,ออกกำลังกาย,14,
19.30,เลิกงาน สแกนนิ้ว,นิ้วเปื้อน,กลับห้อง,6310422096,,19,30,19.00-20.00,ความลำคาญ,พักผ่อน,15,
19.50,ถึงห้อง,เข้าสู่โหมดขี้เกียจ,ได้พักผ่อน,6310422096,,19,50,19.00-20.00,ความลำคาญ,พักผ่อน,16,
21.00,อาบน้ำ,หนาว ไม่อยากอาบ,ผ่อนคลาย สะอาด,6310422096,,21,0,21.00-22.00,หนาว,สดชื่น,17,
21.30,ทำการบ้าน,ขี้เกียจ คิดไม่ออก,การบ้านเสร็จ ได้คะแนน,6310422096,,21,30,21.00-22.00,ความลำคาญ,ทำการบ้าน,18,
22.30,ดูหนัง,เปลืองเวลา,ผ่อนคลาย,6310422096,,22,30,22.00-23.00,ความลำคาญ,พักผ่อน,19,
23.30,เปิดผีฟัง,กลัว,นอนหลับ,6310422096,,23,30,23.00-24.00,ความลำคาญ,ฟิน,20,
00.00,นอน,,,6310422096,,0,0,00.00-01.00,ไม่ระบุ,ไม่ระบุ,21,1.0
7.3,ตื่นนอน,ไม่อยากลุก กลิ้งอยู่บนเตียงจนแปดโมง,,6220422056,,7,30,07.00-08.00,ความลำคาญ,ไม่ระบุ,1,
8,อาบน้ำ,ถ้าไม่ตื่นจะสายแล้วเลยไปอาบน้ำ,,6220422056,,8,0,08.00-09.00,ความลำคาญ,ไม่ระบุ,2,
8.3,แต่งหน้า,,,6220422056,,8,30,08.00-09.00,ไม่ระบุ,ไม่ระบุ,3,
8.5,เดินออกจากคอนโด,,โชคดี คอนโดติด mrt เลยไม่ต้องเดินไกล,6220422056,,8,50,08.00-09.00,ไม่ระบุ,ฟิน,4,
8.55,ขึ้น mrt ไปทำงาน,,,6220422056,,8,55,08.00-09.00,ไม่ระบุ,ไม่ระบุ,5,
9.3,ถึงออฟฟิต,,,6220422056,,9,30,09.00-10.00,ไม่ระบุ,ไม่ระบุ,6,
9.35,ซื้อกาแฟ,ถ้าไม่กินรู้สึกง่วงนอน เพราะติดแล้ว,,6220422056,,9,35,09.00-10.00,ความลำคาญ,ไม่ระบุ,7,
9.45,เช็คอีเมล วางแผนงานที่จะทำ,,,6220422056,,9,45,09.00-10.00,ไม่ระบุ,ไม่ระบุ,8,
10,ประชุม,,,6220422056,,10,0,10.00-11.00,ไม่ระบุ,ไม่ระบุ,9,
12,ไปกินข้าวที่ foodcourt,มีร้านให้เลือกน้อยลง เพราะโควิด คนเข้าออฟฟิตน้อย,,6220422056,,12,0,12.00-13.00,ความลำคาญ,ไม่ระบุ,10,
12.4,ไปเซเว่น ซื้อน้ำยันฮี ,อยากกินน้ำหวาน แต่กลัวน้ำตาลเกิน,ซื้อน้ำวิตามินแทน เพราะอย่างน้อยก็มีกลิ่น,6220422056,,12,40,12.00-13.00,ความลำคาญ,ฟิน,11,
13,ทำงาน,,,6220422056,,13,0,13.00-14.00,ไม่ระบุ,ไม่ระบุ,12,
15,ฟังหัวหน้าบรีฟงาน,,,6220422056,,15,0,15.00-16.00,ไม่ระบุ,ไม่ระบุ,13,
16,ทำงานต่อ,,,6220422056,,16,0,16.00-17.00,ไม่ระบุ,ไม่ระบุ,14,
18,ขึ้น mrt ไป korea town,คนน้อย เลยไม่ต้องรอนาน,,6220422056,,18,0,18.00-19.00,ความลำคาญ,ไม่ระบุ,15,
18.3,กินหมูย่างเกาหลีกับเพื่อน,ตัวเหม็น,เจอเพื่อน ,6220422056,,18,30,18.00-19.00,ความลำคาญ,ฟิน,16,
20,ไปร้านบิงซู แต่ร้านให้นั่งแค่โต๊ะละ 2 คน เลยไม่กิน,"อารมณ์เสีย เพราร้านไม่ให้นั่งด้วยกัน ,อดกิน อดเม้าท์ต่อ",ไม่ต้องกินเยอะ,6220422056,,20,0,20.00-21.00,ความลำคาญ,ฟิน,17,
20.3,ขึ้น mrt กลับคอนโด,,,6220422056,,20,30,20.00-21.00,ไม่ระบุ,ไม่ระบุ,18,
21.2,ถึงคอนโด,,,6220422056,,21,20,21.00-22.00,ไม่ระบุ,ไม่ระบุ,19,
21.2,นั่งเม้าท์กับน้อง,,,6220422056,,21,20,21.00-22.00,ไม่ระบุ,ไม่ระบุ,20,
22,อาบน้ำ,เสียเวลาอาบน้ำนาน เพราะตัวเหม็น,,6220422056,,22,0,22.00-23.00,หนาว,ไม่ระบุ,21,
23,ทำการบ้าน image analytics ,ง่วงนอน แต่ต้องทำการบ้าน,เข้าใจเรื่องที่เรียนมากขึ้น,6220422056,,23,0,23.00-24.00,ความลำคาญ,ฟิน,22,
1,นอน,,นอนหลับสนิทมาก เพราะเหนื่อย,6220422056,,1,0,01.00-02.00,ไม่ระบุ,ฟิน,23,1.0
6.3,ตื่นนอน อาบน้ำ แปรงฟัน,ง่วง,ตื่นเช้า ประปรี้ประเปร่า,6210422010,,6,30,06.00-07.00,ง่วง,ฟิน,1,
7.3,ขับรถไปทำงาน,รถติด,กินข้าวฟังเพลงบนรถ,6210422010,,7,30,07.00-08.00,ความลำคาญ,ฟิน,2,
8.3,ถึงที่ทำงาน,คล้ายจะขี้เกียจทำงาน,ได้ที่จอดรถในชั้นที่เดินเข้าตึกได้ง่าย,6210422010,,8,30,08.00-09.00,ความลำคาญ,ฟิน,3,
8.45,เดินไปร้านกาแฟ,ช่วงเวลาคนเยอะ ต่อคิวนาน,"เจอคู่รักใหม่มาแอบจิบกาแฟ , ได้ฟังเรื่องชาวบ้านที่เค้ามาเม้ามอยกัน , นึกงานออก",6210422010,,8,45,08.00-09.00,ความลำคาญ,ฟิน,4,
9.3,ประชุมกับผู้บริหาร,หาข้อสรุปไม่ได้,ทุกคนมีข้อเสนอแนะเยอะมาก,6210422010,,9,30,09.00-10.00,ความลำคาญ,พักผ่อน,5,
11.3,ประชุมเลิก กลับมาที่โต๊ะทำงาน,เริ่มหิว,ประชุมกลุ่มย่อย หาร้านกินข้าวกลางวัน,6210422010,,11,30,11.00-12.00,หิว-กลัวอ้วน,ฟิน,6,
11.4,ออกไปทานข้าวกลางวัน,อิ่มเกินไป,"ได้กินของอร่อย , ได้ข้อสรุปงานที่คิดไม่ออกเมื่อวันก่อน",6210422010,,11,40,11.00-12.00,เหนื่อย,ฟิน,7,
13.15,ทำงาน,กินเยอะ เริ่มง่วง,ได้งานแน่นอน,6210422010,,13,15,13.00-14.00,ง่วง,ฟิน,8,
14,ประชุมกับหน่วยาน,หาข้อสรุปไม่ได้,บริษัทจ้างมาประชุม อย่างน้อยก็มีงานทำ,6210422010,,14,0,14.00-15.00,ความลำคาญ,ฟิน,9,
15,จิบกาแฟยามบ่าย,กินกาแฟตอนนี้ น่าจะไม่ได้นอน,ตาค้าง มีเอเนอยี่สูง พร้อมทำงานต่อ,6210422010,,15,0,15.00-16.00,ความลำคาญ,ฟิน,10,
15.15,ทำงาน,,,6210422010,,15,15,15.00-16.00,ไม่ระบุ,ไม่ระบุ,11,
15.3,ประชุม,ได้ข้อสรุปจากการประชุมเรื่องเดิมใน ครั้งที่ 3,ได้ข้อสรุป,6210422010,,15,30,15.00-16.00,ความลำคาญ,ฟิน,12,
16.3,ทำงาน,,,6210422010,,16,30,16.00-17.00,ไม่ระบุ,ไม่ระบุ,13,
17.15,คุยกับเพื่อนร่วมงาน เย็นนี้ไปร้านไหนดี,เพื่อนงานยังไม่เสร็จ ดองไว้เยอะ,ได้ร้านที่จะไป,6210422010,,17,15,17.00-18.00,งานเพิ่ม-ไม่เสร็จ,ฟิน,14,
18,ทานอาหารเย็นกับเพื่อน,ทุกคนหิว อาหารหมดไวมาก,"นินทาหัวหน้า, ได้ข้อสรุปจากเรื่องที่ประชุมเมื่อวันก่อน !!",6210422010,,18,0,18.00-19.00,ความลำคาญ,ฟิน,15,
18.3,จิบไวน์,เมา,รอสร่างเมา เจอตำรวจไม่โดนเป่า,6210422010,,18,30,18.00-19.00,ความลำคาญ,ฟิน,16,
20,ถึงบ้าน,แม่สงสัย ทำไมกลับไว,มีเวลาทำอย่างอื่นต่อ,6210422010,,20,0,20.00-21.00,ความลำคาญ,ทำการบ้าน,17,
20.3,อาบน้ำ,ขี้เกียจ หนาววว,ตัวหอม สร่างเมา ตาสว่าง,6210422010,,20,30,20.00-21.00,หนาว,ฟิน,18,
20.45,อ่านหนังสือ ทำงานนอก,ขี้เกียจ เหนื่อย,ได้งาน ได้ความรู้,6210422010,,20,45,20.00-21.00,ความลำคาญ,เรียนรู้สิ่งใหม่,19,
23.3,ดูซีรีย์จีน,ขัดใจชะนีในเรื่อง มีแต่พระเอกแทนได้ไหม,พระเอกกล้ามหล่อมาก ได้ฝึกฟังภาษาจีนให้คุ้นหู ,6210422010,,23,30,23.00-24.00,ความลำคาญ,ฟิน,20,
0.3,นอน,อยากดูซีรีย์ต่อ แต่ต้องนอน,นอนเยอะๆ แก่ช้า ไม่ต้องเสียตังไปฉีดโบ,6210422010,,0,30,00.00-01.00,ความลำคาญ,ฟิน,21,1.0
8.00,"ตื่นนอนจากนาฬิกาปลุก, เช็คโทรศัพท์มีข้อความอะไรบ้าง อัปเดตข่าวสารจาก twitter","รู้สึกไม่อยากลุกจากที่นอน, หมดเวลาไปกับการดูข้อความใน Social","ตื่นทันที, รับรู้ข่าวสารที่เกิดขึ้น ไม่ตกข่าว",6210422031,,8,0,08.00-09.00,ความลำคาญ,ฟิน,1,
8.30,อาบน้ำ แต่งตัว เตรียมตัวทำงาน,ไม่สดชื่น ไม่พร้อมเริ่มวันใหม่,กระปี้กระเปร่า ตาสว่าง,6210422031,,8,30,08.00-09.00,ความลำคาญ,ฟิน,2,
9.00,เริ่มทำงาน WFH,เบื่อ ,ไม่ต้องเดินทาง,6210422031,,9,0,09.00-10.00,รถติด-ต้องขับรถ,ฟิน,3,
10.45,พักเบรค หาอะไรรองท้อง,หิว ไม่มีพลังในการทำงาน,อิ่ม มีแรงในการทำงาน,6210422031,,10,45,10.00-11.00,ความลำคาญ,ฟิน,4,
11.00,ทำงานต่อ,งานยังไม่เสร็จ,งานเสร็จทันตามแผน,6210422031,,11,0,11.00-12.00,งานเพิ่ม-ไม่เสร็จ,ฟิน,5,
12.00,พักเบรคเที่ยง กินข้าว อ่านนิยาย 1 ตอน เช็คข่าวใน Social เล่นเกมส์ 1 รอบ,หิว ไม่มีพลังในการทำงาน เบื่อ,อิ่ม มีพลังในการทำงาน ได้พักคลายเครียดทำในสิ่งที่รู้สึกชอบ,6210422031,,12,0,12.00-13.00,ความลำคาญ,พักผ่อน,6,
13.00,ทำงานต่อ,งานยังไม่เสร็จ,งานเสร็จทันตามแผน,6210422031,,13,0,13.00-14.00,งานเพิ่ม-ไม่เสร็จ,ฟิน,7,
14.30,พักเบรค,เบื่อ ,ได้พักเติมพลัง,6210422031,,14,30,14.00-15.00,รถติด-ต้องขับรถ,พักผ่อน,8,
14.45,ทำงานต่อ,งานยังไม่เสร็จ,งานเสร็จทันตามแผน,6210422031,,14,45,14.00-15.00,งานเพิ่ม-ไม่เสร็จ,ฟิน,9,
17.30,พักเบรคงาน ช่วงเย็น ออกจากบ้านไปหาของกิน ไปซื้อของที่ตั้งใจจะซื้อ,ต้องขับรถออกจากบ้าน,ได้ของกิน ได้ของที่ตั้งใจจะซื้อ ได้ออกไปผ่อนคลาย,6210422031,,17,30,17.00-18.00,รถติด-ต้องขับรถ,ฟิน,10,
18.30,ถึงบ้าน เก็บของ,บ้านรก,อยู่ในที่คุ้นเคย สบายใจ บ้านเป็นระเบียบ,6210422031,,18,30,18.00-19.00,ความลำคาญ,พักผ่อน,11,
19.00,ทำงานต่อ,งานยังไม่เสร็จ,งานเสร็จก่อนเวลา เคลียร์ออกได้,6210422031,,19,0,19.00-20.00,งานเพิ่ม-ไม่เสร็จ,ฟิน,12,
21.00,อาบน้ำ,รู้สึกเหนียวตัว สกปรก,รู้สึกสดชื่น สะอาด,6210422031,,21,0,21.00-22.00,ความลำคาญ,สดชื่น,13,
21.30,นั่งคุยกับพี่สาว เล่นกับแมว,รู้สึกเครียดจากงาน,ได้มีปฏิสัมพันธ์กับครอบครัวและแมว ได้ระบายความเบื่อ แมวไม่เหงา,6210422031,,21,30,21.00-22.00,ความลำคาญ,ฟิน,14,
22.00,"เวลาผ่อนคลาย ดู youtube, อ่านนิยาย, social",รู้สึกเครียดจากงาน,ผ่อนคลาย มีความสุข รู้เหตุการณ์ที่เกิดขึ้นในวันนี้มีอะไรบ้าง,6210422031,,22,0,22.00-23.00,ความลำคาญ,พักผ่อน,15,
00.00,นอน,ง่วง,พักผ่อน,6210422031,,0,0,00.00-01.00,ง่วง,พักผ่อน,16,1.0
06.30,ตื่นมาปิดนาฬิกาปลุก รอบที่ 1,ล้า ไม่อยากลุก,ได้นอนต่อ,6210422032,,6,30,06.00-07.00,ความลำคาญ,พักผ่อน,1,
07.00,ตื่นมาปิดนาฬิกาปลุก รอบที่ 2,หนวกหู ไม่อยากลุก,ได้นอนต่อ,6210422032,,7,0,07.00-08.00,ความลำคาญ,พักผ่อน,2,
07.30,ตื่นนอน,รู้สึกขี้เกียจ ไม่อยากลุก,ได้ไปทำกิจกรรมต่างๆ,6210422032,,7,30,07.00-08.00,ความลำคาญ,ฟิน,3,
07.35,เล่มเกมส์,ใช้เวลาในการเล่น เปลืองเวลา ลืมเวลา,คลายความงัวเงีย,6210422032,,7,35,07.00-08.00,ความลำคาญ,พักผ่อน,4,
07.50,อาบน้ำ,หนาว,สดชื่น และตื่นเต็มที่,6210422032,,7,50,07.00-08.00,หนาว,สดชื่น,5,
08.10,แต่งตัว,ใช้เวลาในการเลือกเสื้อผ้า แต่งหน้า แต่งตัว ไม่รู้จะใส่อะไร,สวย เข้ากล้องแล้วหน้าไม่ซีด,6210422032,,8,10,08.00-09.00,ความลำคาญ,ฟิน,6,
08.30,กินอกไก่ไข่ต้ม คลีน (พ่อทำไว้ให้),จืด ไม่อร่อย เบื่อ,ได้สุขภาพ น้ำหนักไม่ขึ้น,6210422032,,8,30,08.00-09.00,ความลำคาญ,ออกกำลังกาย,7,
09.00,เปิด MS Team เช็คอินการทำงาน,ขี้เกียจ,ได้เงินเดือน,6210422032,,9,0,09.00-10.00,ความลำคาญ,ได้เงิน,8,
09.05,เปิดอีเมล์ ตอบเมล์ Support ลูกค้า,ขี้เกียจคุย โดนลูกค้าโวยวายใส่,ได้เงินเดือน,6210422032,,9,5,09.00-10.00,ความลำคาญ,ได้เงิน,9,
10.00,สกรัมผ่าน MS Team,ได้งานเพิ่ม ,ได้แก้ไขปัญหา ได้แชร์งานที่ทำ,6210422032,,10,0,10.00-11.00,งานเพิ่ม-ไม่เสร็จ,ฟิน,10,
10.30,วิเคราะห์ สรุปเอกสาร Requirement,ขี้เกียจ คิดเยอะ ปวดสมอง,ได้เงินเดือน ได้เข้าใจ Business,6210422032,,10,30,10.00-11.00,งานเพิ่ม-ไม่เสร็จ,ได้เงิน,11,
13.00,สั่งข้าวผ่าน Line man,ไม่รู้จะกินอะไรดี,ไม่ต้องออกไปหาซื้อ,6210422032,,13,0,13.00-14.00,ความลำคาญ,ฟิน,12,
13.10,เช็ค Facebook Instragram,ไม่รู้จะดูอะไร เลื่อนไปเรื่อยๆ เสียเวลา,รู้เรื่องชาวบ้าน อัพเดทเทรน,6210422032,,13,10,13.00-14.00,ความลำคาญ,ฟิน,13,
13.40,กินข้าว,กินอิ่มง่วงนอน อ้วน,อิ่ม,6210422032,,13,40,13.00-14.00,ความลำคาญ,อิ่ม,14,
14.30,ออกไปซื้อของทำขนม,ต้องเดินทาง ไปแล้วได้มากกว่าที่ List ไว้,ได้ของตามที่เราต้องการ เลือกเองได้ ถูกใจ หาของทดแทนได้,6210422032,,14,30,14.00-15.00,ความลำคาญ,ฟิน,15,
16.00,ทำขนม,ยืนนาน เฝ้าตู้อบเพื่อดูสีของขนม เสียเวลาในการเฝ้าไปโดยเปล่าประโยชน์,สร้างรายได้เสริม สร้างภาพพจน์บน Social,6210422032,,16,0,16.00-17.00,ความลำคาญ,ฟิน,16,
20.00,กินมื้อเย็น โปรตีนเวย์,ไม่อร่อย ยังหิวอยู่,ได้สุขภาพ น้ำหนักไม่ขึ้น,6210422032,,20,0,20.00-21.00,ความลำคาญ,ออกกำลังกาย,17,
20.10,อาบน้ำ,หนาว ขี้เกียจ,สะอาด สดชื่น,6210422032,,20,10,20.00-21.00,หนาว,สดชื่น,18,
20.30,พูดคุยกับที่บ้าน,โดนบ่น,ได้รู้เรื่องคนอื่นๆ สร้างความสัมพันธ์,6210422032,,20,30,20.00-21.00,ความลำคาญ,ฟิน,19,
22.00,เล่นเกม Harvest Moon,นั่งเล่นนานลืมเวลา ปวดหลัง ปวดแขน,สนุก คลายเครียด เบาสมอง,6210422032,,22,0,22.00-23.00,ความลำคาญ,พักผ่อน,20,
00.00,ดูโคนันเดอะซีรี่ย์,ง่วง,คลายเครียด เบาสมอง,6210422032,,0,0,00.00-01.00,ง่วง,พักผ่อน,21,
01.00,นอน,,,6210422032,,1,0,01.00-02.00,ไม่ระบุ,ไม่ระบุ,22,1.0
6,ตื่นนอน,ง่วงนอน,ได้เริ่มต้นชีวิตของวันใหม่,6210422034,,6,0,06.00-07.00,ง่วง,สดชื่น,1,
6.05,นั่งสมาธิ,ง่วงนอน,รู้สึกสบายใจ สมองปลอดโปร่ง,6210422034,,6,5,06.00-07.00,ง่วง,พักผ่อน,2,
6.3,แปรงฟันและอาบน้ำ,ต้องรีบแปรงฟันเพื่อจะไม่สาย,ฟันสะอาด,6210422034,,6,30,06.00-07.00,หนาว,สดชื่น,3,
7,ชั่งน้ำหนัก,กลัวน้ำหนักขึ้น,สามารถประเมินได้ว่าควรกินอย่างไร,6210422034,,7,0,07.00-08.00,ความลำคาญ,ฟิน,4,
7.05,แต่งตัวไปทำงาน,ห่วงว่าน้ำหนักขึ้นจะทำให้ใส่เสื้อไม่ได้,รู้สีกว่าดูดี,6210422034,,7,5,07.00-08.00,ความลำคาญ,ฟิน,5,
7.15,เดินทางไปทำงาน,กังวลเรื่องงาน,ได้วางแผนการทำงานของวันนี้,6210422034,,7,15,07.00-08.00,ความลำคาญ,ฟิน,6,
7.4,กินข้าวเช้า,เบื่อรสชาดอาหารเดิมๆ,ควายความหิวได้,6210422034,,7,40,07.00-08.00,ความลำคาญ,ฟิน,7,
 8.00,เริ่มทำงาน,เบื่อที่เห็นงานค้าง,ได้จักการงานที่ค้างของเมื่อวานให้เสร็จ,6210422034,,8,0,08.00-09.00,ความลำคาญ,ฟิน,8,
10,ประชุมกับผู้บริหาร,ต้องอธิบายงานให้ผู้บริหารฟัง,ผู้บริหารได้เห็นผลงานของเรา,6210422034,,10,0,10.00-11.00,ความลำคาญ,เรียนรู้สิ่งใหม่,9,
12,กินข้างเที่ยง,เบื่อรสชาดอาหารเดิมๆ,ควายความหิวได้,6210422034,,12,0,12.00-13.00,ความลำคาญ,ฟิน,10,
13,เริ่มทำงาน,เบื่อที่เห็นงานค้าง,ได้จักการงานที่ค้างของเมื่อวานให้เสร็จ,6210422034,,13,0,13.00-14.00,ความลำคาญ,ฟิน,11,
18,เลิกงาน,ร่างกายอ่อนเพลียจากการทำงาน,รู้สึกดีที่ได้กลับไปพักผ่อนที่บ้าน,6210422034,,18,0,18.00-19.00,ความลำคาญ,พักผ่อน,12,
18.3,กินข้าวเย็น,เบื่อรสชาดอาหารเดิมๆ,ควายความหิวได้,6210422034,,18,30,18.00-19.00,ความลำคาญ,ฟิน,13,
19.15,เดินทางกลับถึงบ้าน,เหนื่อยในการเดินทาง,ได้พักผ่อนที่บ้าน,6210422034,,19,15,19.00-20.00,ความลำคาญ,พักผ่อน,14,
19.3,แปรงฟันและอาบน้ำ,คิดถึงเรื่องงาน,ได้สรุปงานที่ทำวันนี้,6210422034,,19,30,19.00-20.00,ความลำคาญ,ฟิน,15,
20,ดูสื่อบันเทิงออนไลน์,ต้องค้นหาสิ่งที่จะต้องดู,ได้พักผ่อนสมอง,6210422034,,20,0,20.00-21.00,ง่วง,พักผ่อน,16,
23,นอน,เหนื่อยในการทำงาน,ได้พัฒนาความสามารถ,6210422034,,23,0,23.00-24.00,ความลำคาญ,เรียนรู้สิ่งใหม่,17,1.0
0500,"Checking on internet, social, and messaging apps on bed",Feeling guilty of spending too much time on Social content,Keep me posted about friends' conversations and news,6210422036,,5,0,05.00-06.00,ความลำคาญ,ฟิน,1,
0600,Take a bath,,,6210422036,,6,0,06.00-07.00,ไม่ระบุ,ไม่ระบุ,2,
0700,Having breakfast nearby Condo,Only a few choices of foods in the morning. Feeling a bit boring.,,6210422036,,7,0,07.00-08.00,ความลำคาญ,ไม่ระบุ,3,
0730,Grab some coffee nearby,Excessive calories,Fulfill the need of coffee. Feeling stimulated,6210422036,,7,30,07.00-08.00,ความลำคาญ,ฟิน,4,
0800,Move to Condo's library to work there (WFH),Need to carry around laptops and devices and setup everyday,Not working in my room gives more productivity,6210422036,,8,0,08.00-09.00,ความลำคาญ,ฟิน,5,
0830,Doing BADS homework/project,,"Gaining knowledge, practicing",6210422036,,8,30,08.00-09.00,ไม่ระบุ,เรียนรู้สิ่งใหม่,6,
0930,Attend daily meeting remotely,,"Setting my own daily plan, keep the team posted on progress and issues",6210422036,,9,30,09.00-10.00,ไม่ระบุ,ฟิน,7,
1000,Work on SQL queries from home,Querying via VPN is much slower than from the office,To work anywhere using VPN is convenient,6210422036,,10,0,10.00-11.00,ความลำคาญ,ฟิน,8,
1200,Have lunch nearby,Need to hurry but nearby restaurants are quite busy,Wider selection of foods,6210422036,,12,0,12.00-13.00,ความลำคาญ,ฟิน,9,
1300,Work on a Python script that fetches data from DB to do model scoring,The server doesn't have a query tool. Using Python to do SQL query can be inconvenient,"With the server's capabilities and intranet to connect to the internal DB, the work is much faster than using my own laptop via VPN",6210422036,,13,0,13.00-14.00,ความลำคาญ,ฟิน,10,
1800,Doing BADS homework/project,Feeling tired,"Gaining knowledge, practicing",6210422036,,18,0,18.00-19.00,เหนื่อย,เรียนรู้สิ่งใหม่,11,
2000,Have dinner nearby,Tend to be a big meal with the most calories. Not good for health.,Finding something fancy to eat to release stress,6210422036,,20,0,20.00-21.00,ความลำคาญ,พักผ่อน,12,
2100,Play time (Games or Netflix),Feeling guilty. There's a better choice to spend the time slot like studying an online course or exercise,Entertainment,6210422036,,21,0,21.00-22.00,ความลำคาญ,ฟิน,13,
2230,Take a bath,,,6210422036,,22,30,22.00-23.00,ไม่ระบุ,ไม่ระบุ,14,
2300,Go to sleep,,,6210422036,,23,0,23.00-24.00,ไม่ระบุ,ไม่ระบุ,15,1.0
06.40,ตื่นนอน,ง่วงมากๆ,บังคับตัวเองได้,6210422037,,6,40,06.00-07.00,เหนื่อย,เรียนรู้สิ่งใหม่,1,
06.45,ล้างหน้า,น้ำเย็นมาก,ร่างกายสดชื่น,6210422037,,6,45,06.00-07.00,หนาว,สดชื่น,2,
06.50,ไปออกกำลังกาย + ฟัง Podcast,เหนื่อย,รู้สึกสุขภาพดี + พัฒนาสมอง,6210422037,,6,50,06.00-07.00,เหนื่อย,พักผ่อน,3,
07.30,อาบน้ำ,น้ำเย็น(อีกแล้ว),สดชื่นพร้อมรับวันใหม่,6210422037,,7,30,07.00-08.00,หนาว,สดชื่น,4,
08.00,ทานอาหารเช้า,ไม่รู้จะกินอะไรดี,อิ่มท้อง พร้อมทำงาน,6210422037,,8,0,08.00-09.00,ความลำคาญ,ฟิน,5,
08.30,ล้างจาน,มือเปื่อย,จานสะอาด,6210422037,,8,30,08.00-09.00,ความลำคาญ,สดชื่น,6,
08.45,เล่น Facebook,,อับเดทข่าวสาร,6210422037,,8,45,08.00-09.00,ไม่ระบุ,ฟิน,7,
09.00,Start working,,อับเดทงานรายวัน,6210422037,,9,0,09.00-10.00,ไม่ระบุ,ฟิน,8,
09.30,ทำ Workshop ให้ลูกค้า,พูดเยอะ คิดเยอะ,ได้ความรู้ใหม่ๆ,6210422037,,9,30,09.00-10.00,เหนื่อย,เรียนรู้สิ่งใหม่,9,
12.00,ทานข้าวเที่ยง,หาเมนูยากเหลือเกิน,อิ่มท้อง,6210422037,,12,0,12.00-13.00,ความลำคาญ,อิ่ม,10,
13.00,ชงกาแฟ,,อร่อย+แก้ง่วง,6210422037,,13,0,13.00-14.00,ไม่ระบุ,ฟิน,11,
13.30,ทำงานต่อแบบง่วงๆ,ง่วงมากเพราะกาแฟไม่ช่วยอะไร,,6210422037,,13,30,13.00-14.00,ความลำคาญ,ไม่ระบุ,12,
14.00,ประชุม,,อับเดทงาน + ช่วยกันคิดงาน,6210422037,,14,0,14.00-15.00,ไม่ระบุ,ฟิน,13,
18.00,กินข้าวเย็น,,ทำอาหารเอง สนุกสนาน,6210422037,,18,0,18.00-19.00,ไม่ระบุ,ฟิน,14,
19.00,พักผ่อน,รู้สึกทำตัวไม่มีสาระ,สบายใจ,6210422037,,19,0,19.00-20.00,ความลำคาญ,ฟิน,15,
20.00,ทำ IS,ไม่ชอบงานวิจัยยยยยยยยยยยยยยยยยย,จะได้จบแล้วววววววววววววววววว,6210422037,,20,0,20.00-21.00,ความลำคาญ,ฟิน,16,
22.30,อาบน้่ำ,,เตรียมนอน,6210422037,,22,30,22.00-23.00,ไม่ระบุ,พักผ่อน,17,
23.00,นอน,,นอนหลับ,6210422037,,23,0,23.00-24.00,ไม่ระบุ,ฟิน,18,1.0
07.00,ตื่นนอน ,"ง่วง,หนาว,ที่นอนดูด","ตื่นเช้าได้ดูบรรยากาสยามเช้า,สดชื่น",6210422038,,7,0,07.00-08.00,ความลำคาญ,ฟิน,1,
07.30,อาบน้ำ,หนาว,ตาสว่าง,6210422038,,7,30,07.00-08.00,หนาว,ฟิน,2,
08.00,พาแม่ไปทำบุญที่วัด,"ง่วง,หนาว,แอบขี้เกี้ยจ",ได้บุญ สบายใจ,6210422038,,8,0,08.00-09.00,ความลำคาญ,ฟิน,3,
08.30,กินกาแฟ all cafe+ ครัวซอง,"ง่วง,หิว","ตาสว่าง,อิ่มท้อง",6210422038,,8,30,08.00-09.00,หิว-กลัวอ้วน,ฟิน,4,
09.30,เริ่มทำงาน (work from home),แค่คิดก็เหนื่อย,ได้เคลียร์งาน,6210422038,,9,30,09.00-10.00,ความลำคาญ,ฟิน,5,
10.00,เคลียร์งาน,เริ่มล้า เมื่อยนิ้ว+มือ,"ได้เคลียร์งาน,งานเสร็จ,มีงานส่ง",6210422038,,10,0,10.00-11.00,ความลำคาญ,ฟิน,6,
11.00,meeting team (update sprint plan),เหนื่อย,"ได้ update งาน , ได้คุยกับทีม",6210422038,,11,0,11.00-12.00,เหนื่อย,ฟิน,7,
12.00,เปิดตู้เย็น (หาอาหารทาน) พักเที่ยง,ไม่รู้นะกินอะไร,ได้เดินลงมาพัก,6210422038,,12,0,12.00-13.00,ความลำคาญ,พักผ่อน,8,
12.30,ออกไปสั่งอาหารตามสั่ง,"ร้อน,ฝุ่นเยอะ,ลำบาก","ได้กินอาหารอร่อย, อิ่มท้อง",6210422038,,12,30,12.00-13.00,ความลำคาญ,ฟิน,9,
14.00,เคลียร์งาน,"เริ่มง่วง,VPN ช้า, Query Data slow response","งานเสร็จ,มีเวลาทำการบ้าน",6210422038,,14,0,14.00-15.00,ความลำคาญ,ทำการบ้าน,10,
15.00,meeting  (with with  marketing team),"กดดันเล็กน้อย,เหนื่อย,สื่อสารกันลำบาก(เนื่องจาก WFH)",ได้รู้จักกับทีมอื่นมากขึ้น,6210422038,,15,0,15.00-16.00,ความลำคาญ,ฟิน,11,
17.00,order food delivery (grab food),"เมนูเยอะเลือกยาก,ไม่รู้กินไรดี,รออาหารช้า",ได้กินอาหารที่อยากกินใหม่,6210422038,,17,0,17.00-18.00,ความลำคาญ,ฟิน,12,
18.00,ออกกำลังกาย,"เหนื่อย,เมื่อยตัว",รู้สึกเบาตัว,6210422038,,18,0,18.00-19.00,ความลำคาญ,ฟิน,13,
19.30,กินข้าวเย็น,"รู้สึกจุก,อาหารย่อยยาก,ไม่รู้จะกินอะไร","อิ่มท้อง ,หายหิว",6210422038,,19,30,19.00-20.00,ความลำคาญ,ฟิน,14,
20.00,เล่นเกมส์ Among Us,"แพ้บ่อย,โดนบัพ,หัวร้อน","สนุกได้เล่นกับเพื่อน,ผ่อนคลาย",6210422038,,20,0,20.00-21.00,ความลำคาญ,พักผ่อน,15,
21.00,อาบน้ำ,หนาว,สดชื่น พร้อมอ่านหนังสือ,6210422038,,21,0,21.00-22.00,หนาว,สดชื่น,16,
21.30,อ่านหนังสือ+ทำการบ้าน,"เริ่มง่วง,ชอบสมาธิหลุด","เสร็จการบ้านทันเวลา,เพิ่มความรู้",6210422038,,21,30,21.00-22.00,ง่วง,ทำการบ้าน,17,
01.00,เข้านอน,"ยังไม่ค่อยอยากนอน, ยังอ่านหนังสือไม่ถึงไหนเลย","ได้พักผ่อน, พักร่างกายที่เหนื่อยมาทั้งวัน",6210422038,,1,0,01.00-02.00,ความลำคาญ,ฟิน,18,1.0
06.00,Wake up autonomously,Super sleepy,,6210422040,,6,0,06.00-07.00,ง่วง,ไม่ระบุ,1,
06.15,Play facebook,,update news and situation,6210422040,,6,15,06.00-07.00,ไม่ระบุ,ฟิน,2,
07.00,Listen to podcast,,update news and situation,6210422040,,7,0,07.00-08.00,ไม่ระบุ,ฟิน,3,
07.15,Take a shower,,clean and fresh up,6210422040,,7,15,07.00-08.00,ไม่ระบุ,สดชื่น,4,
07.40,Have breakfast,"usually be cornflakes, really bored",gain energy,6210422040,,7,40,07.00-08.00,ความลำคาญ,ออกกำลังกาย,5,
08.00,Brew coffee,,make fresh and awake,6210422040,,8,0,08.00-09.00,ไม่ระบุ,สดชื่น,6,
08.15,Prepare working,,Review tasks before meeting session,6210422040,,8,15,08.00-09.00,ไม่ระบุ,ฟิน,7,
09.00,Start working,do the same things,Review things to do and had done,6210422040,,9,0,09.00-10.00,ง่วง,ฟิน,8,
12.00,Have lunch,"bored the same menu, and lazied to order food",gain energy,6210422040,,12,0,12.00-13.00,ความลำคาญ,ออกกำลังกาย,9,
13.00,Continue working,do the same things,,6210422040,,13,0,13.00-14.00,ง่วง,ไม่ระบุ,10,
14.00,Brew coffee,,make fresh and awake,6210422040,,14,0,14.00-15.00,ไม่ระบุ,สดชื่น,11,
15.00,Feel sleepy,don't know why coffee can't help,,6210422040,,15,0,15.00-16.00,ความลำคาญ,ไม่ระบุ,12,
18.00,Finish working,don't know what to eat,relax,6210422040,,18,0,18.00-19.00,ความลำคาญ,พักผ่อน,13,
19.00,Have dinner,,gain energy,6210422040,,19,0,19.00-20.00,ไม่ระบุ,ออกกำลังกาย,14,
20.00,Learn E-learning,,gain more knowledge,6210422040,,20,0,20.00-21.00,ไม่ระบุ,ฟิน,15,
21.45,Take a shower,,clean,6210422040,,21,45,21.00-22.00,ไม่ระบุ,สดชื่น,16,
22.00,Call girl friend,,"relax, share, plan",6210422040,,22,0,22.00-23.00,ไม่ระบุ,พักผ่อน,17,
23.00,Go to bed,,get rest,6210422040,,23,0,23.00-24.00,ไม่ระบุ,พักผ่อน,18,1.0
07.30,ตื่นนอน,ง่วง,ยังไม่ตาย,6210422043,,7,30,07.00-08.00,ง่วง,ฟิน,1,
07.40,อาบน้ำ,หนาว,ทำความสะอาดร่างกาย,6210422043,,7,40,07.00-08.00,หนาว,สดชื่น,2,
08.00,ขับรถไปทำงาน,เสียเวลาขับรถ,ได้ไปทำงาน,6210422043,,8,0,08.00-09.00,หนาว,ฟิน,3,
08.10,สแกนนิ้วเข้าทำงาน,อาจมาสายได้,ได้ลงเวลาทำงาน,6210422043,,8,10,08.00-09.00,ความลำคาญ,ฟิน,4,
08.30,เริ่มทำงาน,,,6210422043,,8,30,08.00-09.00,ไม่ระบุ,ไม่ระบุ,5,
09.00,ประชุมงาน online,,ไม่ต้องเสียเวลาเดินทาง,6210422043,,9,0,09.00-10.00,ไม่ระบุ,ฟิน,6,
10.00,กรรมการตรวจรับเครื่องมือ,เสียงติดคุก,มีเครื่องมือในการทำงานมากขึ้น,6210422043,,10,0,10.00-11.00,ความลำคาญ,ฟิน,7,
12.00,กินข้าวกลางวันที่ทำงาน,คนเยอะ,ไม่ต้องเดินทางออกข้างนอก,6210422043,,12,0,12.00-13.00,ความลำคาญ,ฟิน,8,
13.00,เริ่มทำงาน,,,6210422043,,13,0,13.00-14.00,ไม่ระบุ,ไม่ระบุ,9,
14.00,ตรวจรับงานจ้างซ้อมเครื่องมือ,เสียงติดคุก,มีเครื่องมือในการทำงานมากขึ้น,6210422043,,14,0,14.00-15.00,ความลำคาญ,ฟิน,10,
15.00,ติดต่องานเกี่ยวกับพัสดุ,ติดต่อยากเอกสารเยอะ,,6210422043,,15,0,15.00-16.00,เหนื่อย,ไม่ระบุ,11,
16.00,ทำงานกระจายเอกสารให้แต่ละหน่วยงาน,เอกสารเยอะทำให้เกิดผิดพลาด,,6210422043,,16,0,16.00-17.00,เหนื่อย,ไม่ระบุ,12,
18.00,ทำ trend Product,หาข้อมูลได้ยากเนื่องจากมาจากหลายระบบ,,6210422043,,18,0,18.00-19.00,เหนื่อย,ไม่ระบุ,13,
20.30,ขับรถกลับบ้าน,เสียเวลาขับรถ,ได้กลับบ้าน,6210422043,,20,30,20.00-21.00,หนาว,พักผ่อน,14,
20.45,ถึงบ้านล็อกบ้าน,เสียเวลาในการตรวจว่าบ้านล็อก,ป้องกันโจร,6210422043,,20,45,20.00-21.00,ความลำคาญ,ฟิน,15,
21.00,กินข้าวเย็น,,อิ่มมีความสุข,6210422043,,21,0,21.00-22.00,ไม่ระบุ,ฟิน,16,
21.30,อาบน้ำ,หนาว,ทำความสะอาดร่างกาย,6210422043,,21,30,21.00-22.00,หนาว,สดชื่น,17,
22.00,ทำการบ้าน,ขี้เกียจ,การบ้านเสร็จ,6210422043,,22,0,22.00-23.00,ความลำคาญ,ทำการบ้าน,18,
01.00,นอน,ง่วง,ได้พักผ่อน,6210422043,,1,0,01.00-02.00,ง่วง,พักผ่อน,19,1.0
07.00,อาบน้ำ แต่งตัว,รู้สึกงัวเงียเมื่อตอนตื่น,สดชื่นพร้อมออกไปทำงาน,6210422044,,7,0,07.00-08.00,ความลำคาญ,สดชื่น,1,
07.45,ขึ้นบีทีเอสเพื่อเดินทางไปทำงาน,ที่ทำงานไกลจากที่พัก และรถติด,ไปทำงานไวขึ้นเพราะไม่ต้องเจอรถติด,6210422044,,7,45,07.00-08.00,ความลำคาญ,ฟิน,2,
08.30,ซื้อข้าวเหนียวไก่ปิ้งหน้าตึกที่ทำงาน,ช่วงเช้าเป็นช่วงเร่งรีบ กินข้าวไม่ทัน,ขึ้นไปแสกนนิ้วทัน,6210422044,,8,30,08.00-09.00,ความลำคาญ,เรียนรู้สิ่งใหม่,3,
08.40,นั่งกินข้าวตรงโซน kitchen,กินตรงโต๊ะทำงานจะทำให้ส่งกลิ่น,ไม่รบกวนคนอื่นได้กินอย่างสบายใจ,6210422044,,8,40,08.00-09.00,ความลำคาญ,ฟิน,4,
09.00,Morning Talk,ลืม process ของงานและไม่ได้ update งานใหม่,ได้ปรึกษาจุดที่ติดขัดและได้สรุป workflow ทั้งหมดภายในทีม,6210422044,,9,0,09.00-10.00,ความลำคาญ,ฟิน,5,
09.30,เริ่มทำงาน,งานค้างยังไม่เสร็จ,งานเสร็จตาม requirement,6210422044,,9,30,09.00-10.00,งานเพิ่ม-ไม่เสร็จ,ฟิน,6,
10.30,ไปรับ requirement ใหม่จาก user,output งานไม่ตรงกับความต้องการของ user,งานเสร็จได้ตรงเวลา ไม่ต้องแก้งานบ่อย,6210422044,,10,30,10.00-11.00,ความลำคาญ,ฟิน,7,
11.15,ทำงานที่ได้รับมอบหมาย,งานยังไม่เสร็จ,งานมี progress,6210422044,,11,15,11.00-12.00,งานเพิ่ม-ไม่เสร็จ,เรียนรู้สิ่งใหม่,8,
12.00,กินต้มยำทะเลไข่เจียวกับข้าวเปล่า,กินอาหารอย่างเดียวไม่อิ่ม,อิ่มมากขึ้นเพราะเพิ่มไข่เจียว,6210422044,,12,0,12.00-13.00,ความลำคาญ,ฟิน,9,
12.25,คุยแลกเปลี่ยนกับคนในทีม,ตอนทำงานบางทีบรรยากาศตรึงเครียด,ได้ relax และพูดคุยนอกจากเรื่องงานกับคนในทีม,6210422044,,12,25,12.00-13.00,ความลำคาญ,ฟิน,10,
12.50,ซื้อกาแฟ,ง่วงตอนบ่าย,ลดอาการง่วงในขณะทำงาน,6210422044,,12,50,12.00-13.00,ง่วง,ฟิน,11,
13.00,เริ่มทำงานรอบบ่าย,งานยังไม่เสร็จ,งานมี progress มากขึ้น,6210422044,,13,0,13.00-14.00,งานเพิ่ม-ไม่เสร็จ,เรียนรู้สิ่งใหม่,12,
15.00,ประชุม,Project มีความซับซ้อน,เข้าใจ Scope งาน,6210422044,,15,0,15.00-16.00,ความลำคาญ,เรียนรู้สิ่งใหม่,13,
16.30,ทำงานต่อ,งานยังไม่เสร็จ,งานเสร็จทันเวลา,6210422044,,16,30,16.00-17.00,งานเพิ่ม-ไม่เสร็จ,ฟิน,14,
18.15,ขึ้นบีทีเอสกลับคอนโด,ที่ทำงานไกลจากที่พัก และรถติด,กลับบ้านไวขึ้นเพราะไม่ต้องเจอรถติด,6210422044,,18,15,18.00-19.00,ความลำคาญ,ฟิน,15,
19.00,ซื้ออาหารที่ตลาดนัดเมเจอร์,อาหารแพง,ได้ซื้ออาหารถูกขึ้นเพราะมีร้านที่ใช้คนละครึ่งได้,6210422044,,19,0,19.00-20.00,แพง,ฟิน,16,
19.20,เปลี่ยนชุดออกกำลังกายที่คอนโด,ถ้าชุดไม่พร้อมจะทำให้ออกกำลังกายไม่สะดวก,ออกกำลังกายได้เต็มที่,6210422044,,19,20,19.00-20.00,ความลำคาญ,ออกกำลังกาย,17,
19.30,วิ่งรอบคอนโด,อ้วนขึ้นเพราะกินเยอะ,ทำให้น้ำหนักลดลง,6210422044,,19,30,19.00-20.00,ความลำคาญ,ออกกำลังกาย,18,
20.00,กินข้าวบนห้อง,แถวที่กินที่นั่งเต็ม,กินบนห้องทำให้สะดวกขึ้นกับการทำกิจกรรมอย่างอื่นไปด้วย,6210422044,,20,0,20.00-21.00,ความลำคาญ,ฟิน,19,
20.30,ทำการบ้านปริญญาโท,การบ้านไม่เสร็จ,การบ้านเสร็จทันเวลา,6210422044,,20,30,20.00-21.00,ความลำคาญ,ทำการบ้าน,20,
22.00,อาบน้ำ,เหงื่อเต็มตัว ทำให้ไม่สบายตัว,ตัวสะอาดและสบายตัว,6210422044,,22,0,22.00-23.00,ความลำคาญ,สดชื่น,21,
22.20,แต่งตัว,ช่วงนี้อากาศหนาว,ร่างกายอบอุ่นขึ้น,6210422044,,22,20,22.00-23.00,หนาว,สดชื่น,22,
22.30,research หาความรู้เพิ่มเติม,เรียนป.โทแล้วมีจุดที่ยังไม่เข้าใจ,เข้าใจมากขึ้นเมื่อเอามาประกอบกับเนื้อหาที่เรียน,6210422044,,22,30,22.00-23.00,ความลำคาญ,ฟิน,23,
23.45,เล่นเกมมือถือ,เครียดมาทั้งวันทั้งงานที่ออฟฟิศและงานป.โท,รู้สึกผ่อนคลายมากขึ้น,6210422044,,23,45,23.00-24.00,ความลำคาญ,พักผ่อน,24,
00.00,เข้านอน,ง่วงเพราะเหนื่อยมาทั้งวัน,หลับสบาย,6210422044,,0,0,00.00-01.00,ความลำคาญ,ฟิน,25,1.0
06.30,ตื่นนอน,ไม่สดชื่นอยากนอนต่อ,ตื่นเช้ามีเวลาทำงานเพิ่มขึ้น,6210422047,,6,30,06.00-07.00,ความลำคาญ,ฟิน,1,
07.05,เล่นมือถือ ดู social อ่านบทความ online,แสงจากจอมือถือเข้าตาแล้วแสบตา,เพลิดเพลิน และ ได้รู้ข่าวสารต่างๆ,6210422047,,7,5,07.00-08.00,ความลำคาญ,ฟิน,2,
07.30,สั่งอาหารเช้าผ่าน GrabFood,ไม่รู้จะกินอะไร จำเจ,สะดวก ไม่ต้องเดินทางออกจากบ้าน และไม่ต้องทำกินเอง,6210422047,,7,30,07.00-08.00,ความลำคาญ,ฟิน,3,
08.00,อาบน้ำ,หนาว น้ำไม่ค่อยอุ่น,สดชื่น,6210422047,,8,0,08.00-09.00,หนาว,สดชื่น,4,
08.35,ทำความสะอาดบ้าน,เหนื่อย เมื่อย,สะอาดขึ้น,6210422047,,8,35,08.00-09.00,ความลำคาญ,สดชื่น,5,
09.00,พักผ่อนนั่งดูทีวี คุยกับครอบครัว,พ่อแม่ถามเรื่องเกรด เรื่องเรียน,สนิทสนมใกล้ชิดกัน,6210422047,,9,0,09.00-10.00,ความลำคาญ,ฟิน,6,
10.00,เล่นกับแมว,หงุดหงิดเวลาแมวเอาเล็บมาขวน ดีดตัวหนี,สนุก เห็นความน่ารักของแมว,6210422047,,10,0,10.00-11.00,ความลำคาญ,ฟิน,7,
11.30,งีบหลับบนโซฟา,ง่วงนอน นอนไม่เต็มอิ่ม,พักผ่อน,6210422047,,11,30,11.00-12.00,ความลำคาญ,พักผ่อน,8,
12.00,กินข้าวเที่ยง,คิดไม่ออก ไม่รู้จะกินอะไรดี,อิ่ม,6210422047,,12,0,12.00-13.00,ความลำคาญ,อิ่ม,9,
13.00,เดินทางออกจากบ้านไปนวด คอ บ่า ไหล่,ต้องเดินทางไป เสียเวลารถติด,ผ่อนคลาย สบายตัว,6210422047,,13,0,13.00-14.00,ความลำคาญ,พักผ่อน,10,
14.30,เดินเลือกซื้อของกิน ของใช้,คิดไมออก ไม่รู้จะซื้อไรเข้าบ้านเก็บไว้ แต่ต้องมี,ของใช้พร้อม อาหารพร้อม เวลาอยู่บ้าน,6210422047,,14,30,14.00-15.00,ความลำคาญ,ทำการบ้าน,11,
16.00,ทำการบ้าน,เครียด จริงจัง,การบ้านเสร็จตามกำหนด,6210422047,,16,0,16.00-17.00,ความลำคาญ,ทำการบ้าน,12,
18.00,ทำอาหารเย็น,ไม่อร่อยเท่าร้านทำ,ไม่ต้องออกไปกินนอกบ้าน ไม่มีผงชูรส,6210422047,,18,0,18.00-19.00,ความลำคาญ,ฟิน,13,
19.00,ทำงานที่ค้างจาก office,เครียด จริงจัง,งานเสร็จตามกำหนด,6210422047,,19,0,19.00-20.00,ความลำคาญ,ฟิน,14,
21.30,เล่นเกมและคุยกับเพื่อน,ปวดคอ บ่า ไหล่ นั่งเล่นเกมนาน,สนุก เพลิดเพลิน ผ่อนคลาย,6210422047,,21,30,21.00-22.00,ความลำคาญ,พักผ่อน,15,
22.00,อ่านหนังสือ,อ่านไม่รู้เรื่อง ท้อและง่วงก่อน,ทบทวนความเข้าใจและสิ่งที่เรียนรู้,6210422047,,22,0,22.00-23.00,ความลำคาญ,ฟิน,16,
23.30,เล่นมือถือ ดู social ดูหนังฟังเพลง,แสงจากจอมือถือเข้าตาแล้วแสบตา,สนุก เพลิดเพลิน ผ่อนคลาย,6210422047,,23,30,23.00-24.00,ความลำคาญ,พักผ่อน,17,
01.00,เข้านอน,ง่วงนอน,พักผ่อน,6210422047,,1,0,01.00-02.00,ง่วง,พักผ่อน,18,1.0
08.00,ตื่นรอบที่ 1,ง่วงนอน,ไม่ได้อะไร,6210422048,,8,0,08.00-09.00,ง่วง,ไม่ระบุ,1,
08.30,ตื่นรอบที่ 2,ต้องตื่น เพราะต้องเรียน,ตื่นแล้ว ได้สติกลับมา,6210422048,,8,30,08.00-09.00,ความลำคาญ,ฟิน,2,
08.40,ไปซื้อของกินที่ 7-11,หิว,มีพลังงานก่อนเริ่มเรียน,6210422048,,8,40,08.00-09.00,หิว-กลัวอ้วน,สดชื่น,3,
09.00,เริ่มเรียนออนไลน์,ยังง่วงนอนอยู่,ได้ความรู้ใหม่ ๆ,6210422048,,9,0,09.00-10.00,ง่วง,เรียนรู้สิ่งใหม่,4,
12.00,เลิกเรียน,เหนื่อยแล้ว หิวด้วย,ได้พัก,6210422048,,12,0,12.00-13.00,ความลำคาญ,พักผ่อน,5,
12.10,ออกไปหาอะไรกิน,ขี้เกียจออกไปข้างนอก,ได้รับอากาศดี ๆ,6210422048,,12,10,12.00-13.00,ความลำคาญ,สดชื่น,6,
12.40,อาบน้ำ,ร้อน,ตัวเย็นขึ้น,6210422048,,12,40,12.00-13.00,ความลำคาญ,สดชื่น,7,
12.50,กินข้าว,พลังงานหมด,อิ่ม,6210422048,,12,50,12.00-13.00,ความลำคาญ,อิ่ม,8,
13.00,เริ่มเรียน,ไม่มี,ได้ความรู้ใหม่ ๆ,6210422048,,13,0,13.00-14.00,แพง,เรียนรู้สิ่งใหม่,9,
16.00,เรียนเสร็จแล้ว,ไม่มี,ได้พัก,6210422048,,16,0,16.00-17.00,แพง,พักผ่อน,10,
16.01,เปิด LINE MAN หาของกินแล้วก็ปิดไป,มีร้านเยอะไปหมด แต่ไม่รู้จะกินอะไรดี,ไม่ได้อะไรเลย,6210422048,,16,1,16.00-17.00,ความลำคาญ,ไม่ระบุ,11,
16.33,สอนเพื่อนทำการบ้าน,เพื่อนติดปัญหาการบ้าน,เพื่อนทำการบ้านเสร็จ,6210422048,,16,33,16.00-17.00,ความลำคาญ,ทำการบ้าน,12,
17.30,อยากนอน แต่ออกไปหาข้าวกิน,ง่วงก็ง่วง แต่หิว,อิ่มแล้ว,6210422048,,17,30,17.00-18.00,ความลำคาญ,อิ่ม,13,
18.40,น็อก,เรียนจนหัวหมุน ไม่ไหวแล้ว,ได้สลบจากโลกนี้เสียที,6210422048,,18,40,18.00-19.00,ความลำคาญ,ฟิน,14,
20.30,ตื่นมาคุยการบ้าน,เพื่อนติดปัญหาการบ้าน,เพื่อนทำการบ้านเสร็จ,6210422048,,20,30,20.00-21.00,ความลำคาญ,ทำการบ้าน,15,
23.00,อาบน้ำ,อากาศเย็น,สดชื่น,6210422048,,23,0,23.00-24.00,หนาว,สดชื่น,16,
00.00,เคลียร์งานนิดหน่อย,ติดใจเรื่องงาน นอนไม่หลับ,ได้ทบทวนว่าทำงานอะไรไปบ้าง,6210422048,,0,0,00.00-01.00,ความลำคาญ,ฟิน,17,
03.00,นอน,ต้องนอนแล้ว เดี๋ยวร่างกายไม่ไหว,ได้สลบจากโลกนี้เสียที,6210422048,,3,0,03.00-04.00,ความลำคาญ,ฟิน,18,1.0
0800,Wake up,Feeling lazy to go to work,,6210422049,,8,0,08.00-09.00,ความลำคาญ,ไม่ระบุ,1,
0805,"Checking on social network apps(FB, IG) in bathroom",Feeling guilty for spending too much time on social media content,Get to know news and friends activities,6210422049,,8,5,08.00-09.00,ความลำคาญ,ฟิน,2,
0835,Take a bath and preparing to go to work,,,6210422049,,8,35,08.00-09.00,ไม่ระบุ,ไม่ระบุ,3,
0900,Going out to work by walk,,To have office nearby is better by don't have to spend too much time on the road,6210422049,,9,0,09.00-10.00,ไม่ระบุ,ฟิน,4,
0905,Arrived office,,,6210422049,,9,5,09.00-10.00,ไม่ระบุ,ไม่ระบุ,5,
0910,"Work on SQL queries, Power BI",New issues come everyday,Learn something new to gain more knowledge,6210422049,,9,10,09.00-10.00,ความลำคาญ,ฟิน,6,
1030,Attend weekly team meeting,,Aligned team direction and update team on progress and issue,6210422049,,10,30,10.00-11.00,ไม่ระบุ,ฟิน,7,
1200,Have lunch nearby,Have to drive and far sometimes depends on how far of selected restaurant,Wider selection of foods,6210422049,,12,0,12.00-13.00,ความลำคาญ,ฟิน,8,
1300,"Work on SQL queries, Power BI",New issues come everyday,Learn something new to gain more knowledge,6210422049,,13,0,13.00-14.00,ความลำคาญ,ฟิน,9,
1830,Have dinner nearby,Have dinner late and will gain more weight,Find something to eat to release stress,6210422049,,18,30,18.00-19.00,ความลำคาญ,พักผ่อน,10,
1900,"Relaxing time (Netflix, Vie, iQiYi)",Feeling guilty for spending too much time on series instead of spend time on study online material courses,Relax and rest my mind,6210422049,,19,0,19.00-20.00,ความลำคาญ,พักผ่อน,11,
2130,Take a bath,,,6210422049,,21,30,21.00-22.00,ไม่ระบุ,ไม่ระบุ,12,
2200,Do BADS homework/project,Feeling tired,Gain more knowledge,6210422049,,22,0,22.00-23.00,เหนื่อย,ฟิน,13,
2400,Go to sleep,,,6210422049,,0,0,00.00-01.00,ไม่ระบุ,ไม่ระบุ,14,1.0
07.00,,รู้สึกง่วงนอน ไม่อยากลุก,,6210422056,,7,0,07.00-08.00,ความลำคาญ,ไม่ระบุ,1,
07.01,,,ได้นอนต่อ,6210422056,,7,1,07.00-08.00,ไม่ระบุ,พักผ่อน,2,
08.00,,รู้สึกง่วงนอน ไม่อยากลุก,,6210422056,,8,0,08.00-09.00,ความลำคาญ,ไม่ระบุ,3,
08.02,,,ได้นอนต่อ,6210422056,,8,2,08.00-09.00,ไม่ระบุ,พักผ่อน,4,
08.30,,,สดชื่น,6210422056,,8,30,08.00-09.00,ไม่ระบุ,สดชื่น,5,
08.35,,,สดชื่นต้อนรับวันใหม่,6210422056,,8,35,08.00-09.00,ไม่ระบุ,สดชื่น,6,
09.00,,,,6210422056,,9,0,09.00-10.00,ไม่ระบุ,ไม่ระบุ,7,
10.00,,"ต้องแยก ทำ 2 อย่างพร้อมๆ กัน กินไปด้วย เรียนไปด้วย
ไม่ค่อยมีสมาธิ",ได้ทำ 2 อย่างในเวลาเดียวกัน,6210422056,,10,0,10.00-11.00,ความลำคาญ,ทำการบ้าน,8,
11.00,,,,6210422056,,11,0,11.00-12.00,ไม่ระบุ,ไม่ระบุ,9,
12.00,,,,6210422056,,12,0,12.00-13.00,ไม่ระบุ,ไม่ระบุ,10,
13.00,,,คนไม่พลุกพล่าน,6210422056,,13,0,13.00-14.00,ไม่ระบุ,ฟิน,11,
14.00,,"รู้สึกง่วงนอนตอนบ่าย
อ่านหนังสือไม่ค่อยรู้เรื่อง",ได้รับความรู้,6210422056,,14,0,14.00-15.00,ความลำคาญ,เรียนรู้สิ่งใหม่,12,
15.00,,,ได้รับความรู้,6210422056,,15,0,15.00-16.00,ไม่ระบุ,เรียนรู้สิ่งใหม่,13,
16.00,,น้ำหนักเพิ่ม,ผ่อนคลาย,6210422056,,16,0,16.00-17.00,ความลำคาญ,พักผ่อน,14,
17.00,,,ผ่อนคลาย,6210422056,,17,0,17.00-18.00,ไม่ระบุ,พักผ่อน,15,
18.00,,เสียเวลาเก็บล้าง,ไม่ต้องเสียเวลาเดินทาง ไปกินข้าว,6210422056,,18,0,18.00-19.00,ความลำคาญ,ฟิน,16,
19.00,,,ผ่อนคลาย,6210422056,,19,0,19.00-20.00,ไม่ระบุ,พักผ่อน,17,
20.00,,,,6210422056,,20,0,20.00-21.00,ไม่ระบุ,ไม่ระบุ,18,
21.00,,"รู้สึกเกิดกิเลศ
อยากพักผ่อน 
อยากดู Youtube",ได้รับความรู้,6210422056,,21,0,21.00-22.00,ความลำคาญ,เรียนรู้สิ่งใหม่,19,
22.00,,รู้สึกเครียด,ได้รับความรู้,6210422056,,22,0,22.00-23.00,ความลำคาญ,เรียนรู้สิ่งใหม่,20,
23.00,,,ได้รับความรู้,6210422056,,23,0,23.00-24.00,ไม่ระบุ,เรียนรู้สิ่งใหม่,21,
00.00,,,,6210422056,,0,0,00.00-01.00,ไม่ระบุ,ไม่ระบุ,22,1.0
06.30,ตื่นนอน,"ง่วง,ไม่อยากลุก,ขอนอนต่อนิดนึง",ตื่นเช้าทำให้เดินทางไปทำงานโดยไม่ต้องเร่งรีบมาก,6210422058,,6,30,06.00-07.00,ความลำคาญ,ฟิน,1,
06.45,อาบน้ำ,ยืนทำใจต่อหน้าฝักบัวอย่างหนาวเหน็บ,ตาสว่าง เนื้อตัวหอมฉุย,6210422058,,6,45,06.00-07.00,หนาว,ฟิน,2,
07.05,แต่งตัว,ลืมรัดผ้า เสียเวลาหาชุดเพราะไม่ได้เตรียมไว้,แต่งตัวเท่ๆ ไปทำงาน,6210422058,,7,5,07.00-08.00,ความลำคาญ,ฟิน,3,
07.20,ออกเดินทาง(มอเตอร์ไซ),อาจจะเกิดอันตรายได้ ,ควบคุมเวลาได้สะดวก ทำให้สามารถไปทันเวลาได้ง่ายกว่าการเดินทางด้วยวิธีอื่น,6210422058,,7,20,07.00-08.00,ความลำคาญ,ฟิน,4,
07.55,ถึงที่ทำงาน,เห็นตึกก็บั่นทอนหัวใจ,ถ้าถึงที่ทำงานแสดงว่าขับขี่ปลอดภัย รอดไปอีก 1 วัน,6210422058,,7,55,07.00-08.00,ความลำคาญ,ฟิน,5,
08.00,ถึงโต๊ะทำงาน,พบเจอหัวหน้า,พบเจอพี่ๆที่น่ารักในทีมและแผนก,6210422058,,8,0,08.00-09.00,ความลำคาญ,ฟิน,6,
08.15,กินข้าวเช้า,คิดไม่ออกกินไรดี ของก็แพง แถมไม่อร่อย ที่สำคัญไม่อิ่ม,เติมพลังงานที่ต้องใช้ในชีวิตประจำวัน,6210422058,,8,15,08.00-09.00,ความลำคาญ,สดชื่น,7,
08.30,เริ่มทำงาน,จิตใจห่อเหี่ยว,ได้เคลียร์งานตามหน้าที่และความรับผิดชอบ,6210422058,,8,30,08.00-09.00,ความลำคาญ,ฟิน,8,
11.30,กินข้าวเที่ยง,คิดไม่ออกกินไรดี ของก็แพง แถมไม่อร่อย ที่สำคัญไม่อิ่ม,เติมพลังงานที่ต้องใช้ในชีวิตประจำวัน,6210422058,,11,30,11.00-12.00,ความลำคาญ,สดชื่น,9,
12.10,เล่น ROV กับพี่ๆในทีม,หัวร้อน,The star ค้นฟ้าคว้าดาว !!,6210422058,,12,10,12.00-13.00,ความลำคาญ,สดชื่น,10,
13.00,เริ่มทำงาน(ต่อ),จิตใจห่อเหี่ยว,ได้เคลียร์งานตามหน้าที่และความรับผิดชอบ,6210422058,,13,0,13.00-14.00,ความลำคาญ,ฟิน,11,
17.00,เลิกงาน,ต้องเดินทางกลับซึ่งก็อาจจะเกิดอันตรายได้,ได้กลับไปทำในสิ่งอื่นๆทั้งที่อยากทำ และ ต้องทำ,6210422058,,17,0,17.00-18.00,ความลำคาญ,ฟิน,12,
17.45,ถึงคอนโด,อยากนอน,ได้เปลี่ยนเสื้อผ้าเพื่อไปทำในสิ่งต่อไป,6210422058,,17,45,17.00-18.00,ง่วง,ฟิน,13,
18.15,ออกกำลังกาย,ร่างกายต้องต่อสู้กับความอ้วนของตัวเอง,ได้ออกกำลังกาย เพื่อสุขภาพและลดน้ำหนัก,6210422058,,18,15,18.00-19.00,ความลำคาญ,ออกกำลังกาย,14,
20.00,กลับคอนโด,อยากนอน,ได้พักผ่อนก่อนจะทำสิ่งต่างๆต่อ,6210422058,,20,0,20.00-21.00,ง่วง,ฟิน,15,
20.15,อาบน้ำ,ขี้เกียจ อยากนอน,ร่างกายสะอาดสะอ้าน,6210422058,,20,15,20.00-21.00,ง่วง,สดชื่น,16,
20.30,ทำการบ้าน,ขี้เกียจ อยากนอน,ได้เคลียร์งานตามหน้าที่และความรับผิดชอบ,6210422058,,20,30,20.00-21.00,ง่วง,ฟิน,17,
22.00,อ่านหนังสือเตรียมสอบ Compre,ขี้เกียจ อยากนอน,เพิ่มพูนความรู้เผื่อจะมีอะไรไปสอบ,6210422058,,22,0,22.00-23.00,ง่วง,ฟิน,18,
00.00,เข้านอน,การบ้านยังทำไม่เสร็จ หนังสือยังอ่านไม่ถึงไหน,พักผ่อนเพื่อเตรียมความพร้อมในการปะทะกับพรุ่งนี้,6210422058,,0,0,00.00-01.00,ความลำคาญ,ฟิน,19,1.0
05.30,กดเลื่อนนาฬิกาปลุก,อากาศหนาว ไม่อยากลุกจากที่นอน,,6210422065,,5,30,05.00-06.00,หนาว,ไม่ระบุ,1,
06.00,ตื่นนอน,ง่วงนอน,มีเวลาอาบน้ำแต่งตัว,6210422065,,6,0,06.00-07.00,ง่วง,ทำการบ้าน,2,
06.10,อาบน้ำ,อากาศหนาวไม่อยากสระผม,ผมดูมีสุขภาพดีและสดชื่นก่อนไปทำงาน,6210422065,,6,10,06.00-07.00,หนาว,สดชื่น,3,
06.20,ทาครีม,ไม่อยากทาครีมเพราะต้องทาหลายตัว,ทำให้ผิวหน้ามีสุขภาพดี,6210422065,,6,20,06.00-07.00,ความลำคาญ,ออกกำลังกาย,4,
06.30,เดินทางออกจากบ้าน,ไม่อยากออกจากบ้านกลัวโควิค,ได้เงินเดือน,6210422065,,6,30,06.00-07.00,ความลำคาญ,ได้เงิน,5,
07.00,ขึ้นรถตู้บริษัท,เดินทางไกลนาน,ได้นอนหลับบนรถ,6210422065,,7,0,07.00-08.00,ความลำคาญ,ฟิน,6,
08.00,ถึงบริษัท,,,6210422065,,8,0,08.00-09.00,ไม่ระบุ,ไม่ระบุ,7,
08.05,เข้าห้องน้ำแต่งหน้า,ไม่อยากแต่งหน้า เพราะหลายขั้นตอน,หน้าตาสดใส บุคลิกดี,6210422065,,8,5,08.00-09.00,ความลำคาญ,ฟิน,8,
08.10,กินข้าวเช้า,ไม่อยากกินเพราะเมนูน่าเบื่อ, ใช้สมองทำงานได้เต็มที่ไม่หิวระหว่างวัน,6210422065,,8,10,08.00-09.00,ความลำคาญ,ฟิน,9,
08.25,เข้าออฟฟิต,,,6210422065,,8,25,08.00-09.00,ไม่ระบุ,ไม่ระบุ,10,
08.30,เช็ดทำความสะอาดโต๊ะ,ขี้เกียจทำ,โต๊ะทำงานสะอาด น่าทำงาน ,6210422065,,8,30,08.00-09.00,ความลำคาญ,สดชื่น,11,
08.35,เริ่มทำงาน อ่าน e-mail,ขี้เกียจอ่านเมล์ เพราะเมล์เยอะ,ได้รู้ความคืบหน้าของงาน,6210422065,,8,35,08.00-09.00,ความลำคาญ,เรียนรู้สิ่งใหม่,12,
08.45,ประชุมงานกับลูกน้องในทีม,ต้องเตรียมข้อมูลงานให้พร้อม ,สั่งงานให้ลูกน้องทำ แบ่งเบางานได้,6210422065,,8,45,08.00-09.00,ความลำคาญ,ฟิน,13,
09.00,ประชุมงานกับหัวหน้าฝ่าย production,ง่วงนอน ,"ได้รู้ข้อมูลงานการผลิต
ได้อัพเดทงานที่ทำ
หาทางแก้ปัญหาที่เกิดขึ้น",6210422065,,9,0,09.00-10.00,ง่วง,ฟิน,14,
09.45,ไปกินกาแฟ,ไม่กินแล้วง่วงนอน ขี้เกียจทำงาน,สดชื่น ,6210422065,,9,45,09.00-10.00,ความลำคาญ,สดชื่น,15,
10.00,ทำรีพอต,ขี้เกียจทำ น่าเบื่อ,ทำงานเสร็จส่งทันกำหนด,6210422065,,10,0,10.00-11.00,ความลำคาญ,ฟิน,16,
11.00,เข้าไลน์การผลิต เพื่อดูเครื่องจักร,เสียงดัง เมื่อยเพราะยืนทำงาน,ทดสอบเครื่องจักรและแก้ไขปัญหาได้ทันที,6210422065,,11,0,11.00-12.00,ความลำคาญ,ฟิน,17,
12.00,กินข้าวกลางวันที่โรงอาหาร,น่าเบื่อ เมนูซ้ำซาก,ราคาไม่แพง ไม่ต้องออกไปข้างนอก,6210422065,,12,0,12.00-13.00,ความลำคาญ,ฟิน,18,
12.30,นั่งคุยกับเพื่อนร่วมงาน,อยากนอน,พักผ่อน สนุก คลายเครียด,6210422065,,12,30,12.00-13.00,ง่วง,พักผ่อน,19,
13.00,เข้าห้องน้ำ แปรงฟัน,ขี้เกียจแปรงฟัน,ลมหายใจสดชื่น มั่นใจที่คุยกับคนอื่น,6210422065,,13,0,13.00-14.00,ความลำคาญ,ฟิน,20,
13.10,เตรียมข้อมูลไปประชุมกับลูกค้า,ง่วงนอน น่าเบื่อ,ได้อัพเดทข้อมูลกับลูกค้า,6210422065,,13,10,13.00-14.00,ง่วง,ฟิน,21,
13.50,เดินไปห้องประชุม,ร้อน และเดินไกล,ได้ไปประชุมตามตรงเวลา,6210422065,,13,50,13.00-14.00,ความลำคาญ,ฟิน,22,
14.00,ประชุมกับลูกค้า,ลูกค้าเรื่องมาก ,ทำงานให้ลูกค้า ได้ความประทับใจ,6210422065,,14,0,14.00-15.00,ความลำคาญ,ฟิน,23,
15.00,ประชุมกับทีมงาน New product,รายละเอียดเยอะ กดดัน,ได้เรียนรู้ product ใหม่ๆ ,6210422065,,15,0,15.00-16.00,เหนื่อย,เรียนรู้สิ่งใหม่,24,
16.00,เดินกลับออฟฟิต,เหนื่อย และ ร้อน,เดินออกกำลังกาย ,6210422065,,16,0,16.00-17.00,ความลำคาญ,ออกกำลังกาย,25,
16.15,พักกินขนม,เปลืองเงิน และ อ้วน,พักสมอง พักผ่อน,6210422065,,16,15,16.00-17.00,แพง,พักผ่อน,26,
16.25,ทำงานสรุปรีพอตการประชุม,เหนื่อย,ได้จัดลำดับความสำคัญของงาน,6210422065,,16,25,16.00-17.00,เหนื่อย,ฟิน,27,
17.00,เข้าไลน์การผลิต เพื่อเทสตัวงานให้ลูกค้า,เบื่อกับปัญหาเดิมๆ,ทำงานตามที่ลูกค้าสั่งได้เสร็จ,6210422065,,17,0,17.00-18.00,ความลำคาญ,ฟิน,28,
18.25,เตรียมตัวกลับบ้าน,,,6210422065,,18,25,18.00-19.00,ไม่ระบุ,ไม่ระบุ,29,
18.30,ขึ้นรถตู้บริษัท,เดินทางไกลนาน,ได้นอนหลับบนรถ,6210422065,,18,30,18.00-19.00,ความลำคาญ,ฟิน,30,
19.50,ลงจากรถตู้,,,6210422065,,19,50,19.00-20.00,ไม่ระบุ,ไม่ระบุ,31,
20.00,แวะกินข้าว,เหนื่อย กินดึก อ้วน,อิ่ม,6210422065,,20,0,20.00-21.00,ความลำคาญ,อิ่ม,32,
20.30,นั่งแท๊กซี่กลับบ้าน,เปลืองเงิน,เดินทางถึงบ้านเร็วสะดวก,6210422065,,20,30,20.00-21.00,แพง,พักผ่อน,33,
21.10,ถึงบ้าน,,,6210422065,,21,10,21.00-22.00,ไม่ระบุ,ไม่ระบุ,34,
21.25,อาบน้ำ,อากาศหนาว ไม่อยากอาบน้ำ,ร่างกายสะอาด,6210422065,,21,25,21.00-22.00,หนาว,สดชื่น,35,
21.50,นั่งทำงาน/การบ้าน,ง่วงนอน ขี้เกียจ,ได้ทบทวนสิ่งที่เรียน,6210422065,,21,50,21.00-22.00,ง่วง,ฟิน,36,
23.00,พักดู youtube,ทำให้นอนดึก,คลายเครียด,6210422065,,23,0,23.00-24.00,ง่วง,พักผ่อน,37,
23.40,เข้านอน,ง่วงและ เหนื่อย,พักผ่อน,6210422065,,23,40,23.00-24.00,ความลำคาญ,พักผ่อน,38,1.0
08.30,ตื่นนอน,ง่วงนอน,,6220422001,,8,30,08.00-09.00,ง่วง,ไม่ระบุ,1,
08.40,อาบน้ำ,น้ำเย็น,สะอาด,6220422001,,8,40,08.00-09.00,หนาว,สดชื่น,2,
09.00,แต่งตัว,ขี้เกียจเลือกเสื้อผ้า,,6220422001,,9,0,09.00-10.00,ความลำคาญ,ไม่ระบุ,3,
09.15,กินข้าวเช้า,ยังไม่หิว,ไม่ปวดท้อง,6220422001,,9,15,09.00-10.00,ความลำคาญ,อิ่ม,4,
09.30,ล้างจาน,ขี้เกียจ,จานสะอาด,6220422001,,9,30,09.00-10.00,ความลำคาญ,สดชื่น,5,
09.40,เดินทางไปทำงาน,ง่วงนอน,ถึงที่ทำงาน,6220422001,,9,40,09.00-10.00,ง่วง,ฟิน,6,
10.40,ทำงาน,น่าเบื่อ,ได้เงิน,6220422001,,10,40,10.00-11.00,รถติด-ต้องขับรถ,ฟิน,7,
14.00,กินข้าวเที่ยง,ร้านไม่ค่อยเปิดต้องสั่งdelivery,อิ่ม,6220422001,,14,0,14.00-15.00,ความลำคาญ,อิ่ม,8,
13.00,ทำงาน,น่าเบื่อ,ได้เงิน,6220422001,,13,0,13.00-14.00,รถติด-ต้องขับรถ,ฟิน,9,
21.00,กลับบ้าน,ง่วงนอน,ถึงบ้าน,6220422001,,21,0,21.00-22.00,ง่วง,พักผ่อน,10,
21.30,แวะกินข้าวเย็น,เลือกร้านไม่ได้,อิ่ม,6220422001,,21,30,21.00-22.00,ความลำคาญ,อิ่ม,11,
22.30,อ่านการ์ตูน,,มีความสุข,6220422001,,22,30,22.00-23.00,ไม่ระบุ,ฟิน,12,
23.30,อาบน้ำ,เหนื่อย,สะอาด,6220422001,,23,30,23.00-24.00,เหนื่อย,สดชื่น,13,
00.00,อ่านบทความ,,ได้ความรู้,6220422001,,0,0,00.00-01.00,ไม่ระบุ,เรียนรู้สิ่งใหม่,14,
02.00,นอน,,ได้พัก,6220422001,,2,0,02.00-03.00,ไม่ระบุ,พักผ่อน,15,1.0
07.00,ตื่นนอน,ง่วง,,6220422002,,7,0,07.00-08.00,ง่วง,ไม่ระบุ,1,
07.30,ขับรถไปทำงาน,ขับรถเร็วเพราะออกบ้านสาย,แอบดีใจไปทำงานทัน,6220422002,,7,30,07.00-08.00,รถติด-ต้องขับรถ,ฟิน,2,
08.00,เริ่มทำงาน เช็คอีเมลล์,คอมพิวเตอร์ช้า,,6220422002,,8,0,08.00-09.00,ความลำคาญ,ไม่ระบุ,3,
09.00,สั่งกาแฟผ่าน Food panda,ไม่มีเบเกอร์รี่จำหน่าย ผิดหวัง,ได้ส่วนลด และ 1 แถม 1,6220422002,,9,0,09.00-10.00,ความลำคาญ,ฟิน,4,
10.00,ประชุมนำเสนองาน,ได้รับผิดชอบงานเพิ่ม,ได้รับคำชมจากเจ้านาย,6220422002,,10,0,10.00-11.00,งานเพิ่ม-ไม่เสร็จ,เรียนรู้สิ่งใหม่,5,
12.00,รับประทานอาหารกลางวัน,อาหารไม่ถูกปาก,ที่ทำงานเลี้ยงข้าว อิ่มจัง ตังอยู่ครบ,6220422002,,12,0,12.00-13.00,ความลำคาญ,ฟิน,6,
12.30,แอบงีบ,ที่นอนไม่ค่อยสบายเพราะนอนที่โต๊ะทำงาน,พักผ่อน,6220422002,,12,30,12.00-13.00,ความลำคาญ,พักผ่อน,7,
13.00,เริ่มงานช่วงบ่าย เปิด PO,PR ผิดเยอะมาก ,,6220422002,,13,0,13.00-14.00,เหนื่อย,ไม่ระบุ,8,
14.00,สั่งกาแฟแก้วที่ 2 ผ่าน Grab Food,,ได้ส่วนลด 25%,6220422002,,14,0,14.00-15.00,ไม่ระบุ,ฟิน,9,
15.00,ติดต่อแผนกบัญชีรับเงิน,เสียเวลาต้องเดินไปรับเอง น่าจะโอนคืน,ได้รับเงิน,6220422002,,15,0,15.00-16.00,ความลำคาญ,ฟิน,10,
16.00,ไปห้อง MD เซ็นต์เอกสาร,ไม่มีเวลาทำงานอื่นเพิ่มเติม,พูดคุยกันแลกเปลี่ยนความคิด,6220422002,,16,0,16.00-17.00,ความลำคาญ,พักผ่อน,11,
17.00,เลิกงานกลับบ้าน,,มีความสุขงานเสร็จเรียบร้อย,6220422002,,17,0,17.00-18.00,ไม่ระบุ,ฟิน,12,
18.00,ซื้อของทำกับข้าว,ของที่ต้องการหมด,,6220422002,,18,0,18.00-19.00,ง่วง,ไม่ระบุ,13,
19.00,ทำอาหารเย็น,ไม่ค่อยอยากทำ เหนื่อย,,6220422002,,19,0,19.00-20.00,ความลำคาญ,ไม่ระบุ,14,
20.00,รับประทานอาหารเย็น,,รสชาติอาหารอร่อย ได้รับคำชม,6220422002,,20,0,20.00-21.00,ไม่ระบุ,ฟิน,15,
21.00,อาบน้ำ,อากาศเย็น ไม่อยากอาบน้ำ,,6220422002,,21,0,21.00-22.00,หนาว,ไม่ระบุ,16,
22.00,ทำการบ้าน อ่านหนังสือ,การบ้านยาก,ได้มีโอกาสเรียนรู้เพิ่มเติม จาก internet ,6220422002,,22,0,22.00-23.00,ความลำคาญ,ฟิน,17,
23.00,ดู youtube,ยังมี ep อื่นต่อ,สนุก ผ่อนคลายพักผ่อน,6220422002,,23,0,23.00-24.00,เหนื่อย,พักผ่อน,18,
00.00,นอนหลับ,,พักผ่อน,6220422002,,0,0,00.00-01.00,ไม่ระบุ,พักผ่อน,19,
07.00,ตื่นนอน,ง่วง,,6220422002,,7,0,07.00-08.00,ง่วง,ไม่ระบุ,20,
07.30,ขับรถไปทำงาน,ขับรถเร็วเพราะออกบ้านสาย,แอบดีใจไปทำงานทัน,6220422002,,7,30,07.00-08.00,รถติด-ต้องขับรถ,ฟิน,21,
08.00,เริ่มทำงาน เช็คอีเมลล์,คอมพิวเตอร์ช้า,,6220422002,,8,0,08.00-09.00,ความลำคาญ,ไม่ระบุ,22,
09.00,สั่งกาแฟผ่าน Food panda,ไม่มีเบเกอร์รี่จำหน่าย ผิดหวัง,ได้ส่วนลด และ 1 แถม 1,6220422002,,9,0,09.00-10.00,ความลำคาญ,ฟิน,23,
10.00,ประชุมนำเสนองาน,ได้รับผิดชอบงานเพิ่ม,ได้รับคำชมจากเจ้านาย,6220422002,,10,0,10.00-11.00,งานเพิ่ม-ไม่เสร็จ,เรียนรู้สิ่งใหม่,24,
12.00,รับประทานอาหารกลางวัน,อาหารไม่ถูกปาก,ที่ทำงานเลี้ยงข้าว อิ่มจัง ตังอยู่ครบ,6220422002,,12,0,12.00-13.00,ความลำคาญ,ฟิน,25,
12.30,แอบงีบ,ที่นอนไม่ค่อยสบายเพราะนอนที่โต๊ะทำงาน,พักผ่อน,6220422002,,12,30,12.00-13.00,ความลำคาญ,พักผ่อน,26,
13.00,เริ่มงานช่วงบ่าย เปิด PO,PR ผิดเยอะมาก ,,6220422002,,13,0,13.00-14.00,เหนื่อย,ไม่ระบุ,27,
14.00,สั่งกาแฟแก้วที่ 2 ผ่าน Grab Food,,ได้ส่วนลด 25%,6220422002,,14,0,14.00-15.00,ไม่ระบุ,ฟิน,28,
15.00,ติดต่อแผนกบัญชีรับเงิน,เสียเวลาต้องเดินไปรับเอง น่าจะโอนคืน,ได้รับเงิน,6220422002,,15,0,15.00-16.00,ความลำคาญ,ฟิน,29,
16.00,ไปห้อง MD เซ็นต์เอกสาร,ไม่มีเวลาทำงานอื่นเพิ่มเติม,พูดคุยกันแลกเปลี่ยนความคิด,6220422002,,16,0,16.00-17.00,ความลำคาญ,พักผ่อน,30,
17.00,เลิกงานกลับบ้าน,,มีความสุขงานเสร็จเรียบร้อย,6220422002,,17,0,17.00-18.00,ไม่ระบุ,ฟิน,31,
18.00,ซื้อของทำกับข้าว,ของที่ต้องการหมด,,6220422002,,18,0,18.00-19.00,ง่วง,ไม่ระบุ,32,
19.00,ทำอาหารเย็น,ไม่ค่อยอยากทำ เหนื่อย,,6220422002,,19,0,19.00-20.00,ความลำคาญ,ไม่ระบุ,33,
20.00,รับประทานอาหารเย็น,,รสชาติอาหารอร่อย ได้รับคำชม,6220422002,,20,0,20.00-21.00,ไม่ระบุ,ฟิน,34,
21.00,อาบน้ำ,อากาศเย็น ไม่อยากอาบน้ำ,,6220422002,,21,0,21.00-22.00,หนาว,ไม่ระบุ,35,
22.00,ทำการบ้าน อ่านหนังสือ,การบ้านยาก,ได้มีโอกาสเรียนรู้เพิ่มเติม จาก internet ,6220422002,,22,0,22.00-23.00,ความลำคาญ,ฟิน,36,
23.00,ดู youtube,ยังมี ep อื่นต่อ,สนุก ผ่อนคลายพักผ่อน,6220422002,,23,0,23.00-24.00,เหนื่อย,พักผ่อน,37,
00.00,นอนหลับ,,พักผ่อน,6220422002,,0,0,00.00-01.00,ไม่ระบุ,พักผ่อน,38,1.0
06.40,ตื่นนอน,ง่วงอยากนอนต่อ,,6220422005,,6,40,06.00-07.00,ง่วง,ไม่ระบุ,1,
06.45,อาบน้ำ,,สดชื่นหายง่วง,6220422005,,6,45,06.00-07.00,ไม่ระบุ,สดชื่น,2,
07.00,ขับรถไปทำงาน,รถติด อารมณ์ไม่ดี,ฟังเพลงฟังpodcastในรถได้,6220422005,,7,0,07.00-08.00,ความลำคาญ,ฟิน,3,
07.45,ถึงที่ทำงาน,,,6220422005,,7,45,07.00-08.00,ไม่ระบุ,ไม่ระบุ,4,
07.50,กินข้าวเช้า,,อิ่มพร้อมทำงาน,6220422005,,7,50,07.00-08.00,ไม่ระบุ,ฟิน,5,
08.00,เริ่มทำงาน,บางอย่างก็ไม่ได้ดั่งใจ,ได้ทำสิ่งใหม่ๆ,6220422005,,8,0,08.00-09.00,ความลำคาญ,เรียนรู้สิ่งใหม่,6,
10.00,กินขนม,มีความอยากกิน ไม่ได้หิว,อร่อย,6220422005,,10,0,10.00-11.00,ความลำคาญ,ฟิน,7,
12.00,ออกไปกินข้าว,มีแต่ร้านเดิมๆ,อิ่ม ได้คุยกับพี่ที่ทำงาน,6220422005,,12,0,12.00-13.00,ความลำคาญ,ฟิน,8,
13.00,กลับมาทำงาน,ง่วงเพราะกินเยอะไป,ใกล้เลิกงานแล้ว,6220422005,,13,0,13.00-14.00,ความลำคาญ,ฟิน,9,
14.00,กินกาแฟ,,หายง่วงนอน ตื่นตัว,6220422005,,14,0,14.00-15.00,ไม่ระบุ,ฟิน,10,
17.00,เลิกงาน,ขี้เกียจขับรถกลับเพราะรถติด,ได้กลับบ้านไปดู Netflix,6220422005,,17,0,17.00-18.00,รถติด-ต้องขับรถ,พักผ่อน,11,
18.00,ถึงบ้าน,,,6220422005,,18,0,18.00-19.00,ไม่ระบุ,ไม่ระบุ,12,
19.00,กินข้าวเย็น,กับข้าวซ้ำ,ได้กินข้าวพร้อมครอบครัว,6220422005,,19,0,19.00-20.00,ความลำคาญ,ฟิน,13,
20.00,ดู Netflix,รู้สึกผิดที่ยังไม่ทำการบ้าน,สนุก enjoy,6220422005,,20,0,20.00-21.00,ความลำคาญ,ฟิน,14,
21.00,เล่นFacebook,,รู้สึกดี ได้รู้ชีวิตเพื่อนๆ,6220422005,,21,0,21.00-22.00,ไม่ระบุ,ฟิน,15,
23.00,นอน,คิดถึงว่าพรุ่งนี้จะทำอะไร,ได้พักผ่อน,6220422005,,23,0,23.00-24.00,ความลำคาญ,พักผ่อน,16,1.0
7.15,ตื่นนอน,ง่วงมากไม่อยากลุก,,6220422008,,7,15,07.00-08.00,ความลำคาญ,ไม่ระบุ,1,
7.4,อาบน้ำแปรงฟัน,อากาศหนาวไม่อยากอาบน้ำ,ร่างกายตื่นสดชื่นขึ้น,6220422008,,7,40,07.00-08.00,หนาว,สดชื่น,2,
8,แต่งหน้า,อากาศหนาวผิวแห้งต้องทาครีมเยอะทำให้ใช้เวลานาน,บำรุงผิวให้แข็งแรง,6220422008,,8,0,08.00-09.00,หนาว,ออกกำลังกาย,3,
8.3,เดินออกจากคอนโด,ระยะตัวตึกคอนโดถึงถนนค่อนข้างไกลทำให้เดินเหนื่อย,,6220422008,,8,30,08.00-09.00,ความลำคาญ,ไม่ระบุ,4,
8.4,ขึ้นรถเมล์ไปทำงาน,ร้อน คนเยอะ บางทีต้องยืน,ราคาไม่แพง และระยะเดินทางไม่ได้ไกลมาก,6220422008,,8,40,08.00-09.00,ความลำคาญ,ฟิน,5,
9,ถึงออฟฟิตซื้อกาแฟ,ถ้าไม่กินรู้สึกง่วงนอน เพราะติดแล้ว,,6220422008,,9,0,09.00-10.00,ความลำคาญ,ไม่ระบุ,6,
9.1,กินข้าวเช้าที่โรงอาหารบริษัท,เมนูเดิมๆวนไปวนมา ,ราคาถูกมากกก ข้าวฟรีด้วย,6220422008,,9,10,09.00-10.00,ความลำคาญ,ฟิน,7,
9.3,เริ่มทำงาน,,,6220422008,,9,30,09.00-10.00,ไม่ระบุ,ไม่ระบุ,8,
10.3,ประชุม,ห้องประชุมอยู่ตึกรวมต้องเดินข้ามตึก โดนแดด,ได้ลุกเดินบ้างไม่งั้นจะนั่งอยู่ที่โต๊ะตลอด,6220422008,,10,30,10.00-11.00,ความลำคาญ,ออกกำลังกาย,9,
12.3,กินข้าวกลางวันที่โรงอาหารบริษัท,เมนูเดิมๆวนไปวนมา มีให้เลือกน้อย,ราคาถูกมากกก ข้าวฟรีด้วย,6220422008,,12,30,12.00-13.00,ความลำคาญ,ฟิน,10,
13.3,ซื้อน้ำผลไม้ปั่น,ใส่น้ำเชือม น้ำตาลเยอะ อ้วน,จะได้สดชื่นไม่ง่วงตอนบ่าย,6220422008,,13,30,13.00-14.00,ความลำคาญ,สดชื่น,11,
14,ทำงาน,ใช้สมองเยอะ เพราะต้องดีลกะหลายแผนก,งานเสร็จและเคลียปัญหาที่ค้างได้,6220422008,,14,0,14.00-15.00,งานเพิ่ม-ไม่เสร็จ,ฟิน,12,
16.3,พัก break กินขนม,อ้วน เพราะกินหลายอย่าง,ได้พักสมองจากงาน,6220422008,,16,30,16.00-17.00,ความลำคาญ,พักผ่อน,13,
17,ทำงานต่อ,,,6220422008,,17,0,17.00-18.00,ไม่ระบุ,ไม่ระบุ,14,
18.3,เลิกงานไปเดินเล่นที่ fashion island,เสี่ยงติดโควิด,ได้พักผ่อนจากที่ทำงานหนักมาทั้งวัน,6220422008,,18,30,18.00-19.00,ความลำคาญ,ฟิน,15,
19.3,กินชาบู Momo กะเพื่อน,ตัวเหม็น หัวเหม็น เหนียวตัว,ได้เจอเพื่อน ไม่เหงา,6220422008,,19,30,19.00-20.00,ความลำคาญ,ฟิน,16,
21,ขึ้นสองแถวกลับคอนโด,ร้อน คนเยอะ บางทีต้องยืน,ราคาไม่แพง และระยะเดินทางไม่ได้ไกลมาก,6220422008,,21,0,21.00-22.00,ความลำคาญ,ฟิน,17,
21.15,ถึงคอนโดอาบน้ำ,เสียเวลาอาบน้ำนาน เพราะต้องสระผม,,6220422008,,21,15,21.00-22.00,หนาว,ไม่ระบุ,18,
22,ทำการบ้านที่เรียน ป.โท,ขี้เกียจมาก บางวิชาใช้เวลาทำนาน,เข้าใจเรื่องที่เรียนมากขึ้น,6220422008,,22,0,22.00-23.00,ความลำคาญ,ฟิน,19,
24,ดู Netflix,ทำให้นอนดึกขึ้น,ดูหนังเพลินๆ,6220422008,,0,0,00.00-01.00,ง่วง,พักผ่อน,20,
2,นอน,,พักผ่อน,6220422008,,2,0,02.00-03.00,ไม่ระบุ,พักผ่อน,21,1.0
06.00,ตื่นนอน,รู้สึกเหนื่อยจากการเที่ยวเมื่อวันก่อน,รู้สึกดีที่จะได้ไปเล่น sup board ในวันนี้,6220422009,,6,0,06.00-07.00,ความลำคาญ,ฟิน,1,
06.15,อาบน้ำ แปรงฟัน,,,6220422009,,6,15,06.00-07.00,ไม่ระบุ,ไม่ระบุ,2,
06.30,แต่งตัว แต่งหน้า,,,6220422009,,6,30,06.00-07.00,ไม่ระบุ,ไม่ระบุ,3,
07.00,ลงไปกินข้าวที่ร้านอาหารโรงแรม,เมนูอาหารที่เลือกมีให้น้อย,,6220422009,,7,0,07.00-08.00,ความลำคาญ,ไม่ระบุ,4,
08.00,"จัดของเตรียมไปเล่น sup board, พักผ่อน ","ไม่สามารถพกอะไรติดตัวไปเล่น sub board ได้,
ไม่สามารถถ่ายรูปเองได้",ไม่ต้องกังวลเรื่องสัมภาระ,6220422009,,8,0,08.00-09.00,ความลำคาญ,ฟิน,5,
08.30,รถมารับไปที่เล่น sup board,,,6220422009,,8,30,08.00-09.00,ไม่ระบุ,ไม่ระบุ,6,
09.00,เรียนการเล่น sup board เบื้องต้น,"ต้องรออีก 5 คนที่มา join group, 
กังวลว่าปฏิบัติจริงจะทำไม่ได้, กลัวตกน้ำ",ได้ความรู้ใหม่,6220422009,,9,0,09.00-10.00,ความลำคาญ,เรียนรู้สิ่งใหม่,7,
09.30,เล่น sup board ,"แดดร้อนมาก, ลืมทากันแดด","พาย sup board สนุกมาก, ได้ลองอะไรใหม่ๆ, ทิวทัศน์สวยมาก",6220422009,,9,30,09.00-10.00,ความลำคาญ,ฟิน,8,
11.00,กลับถึงโรงแรม,,,6220422009,,11,0,11.00-12.00,ไม่ระบุ,ไม่ระบุ,9,
11.15,อาบน้ำ แต่งตัว แต่งหน้า,,,6220422009,,11,15,11.00-12.00,ไม่ระบุ,ไม่ระบุ,10,
12.00,Check out ,,,6220422009,,12,0,12.00-13.00,ไม่ระบุ,ไม่ระบุ,11,
13.00,กินข้าวเที่ยงที่ร้านสลักเพชร,"ปลาหมดทุกอย่างยกเว้นปลาเก๋า, แพงไปหน่อย","อร่อย, ทิวทัศน์ร้านอาหารสวยงาม",6220422009,,13,0,13.00-14.00,ความลำคาญ,ฟิน,12,
14.00,เที่ยวที่สะพานแดง,ต้องเดิน,"คนเที่ยวน้อยดีต่อการถ่ายรูป, ทิวทัศน์สวยมาก",6220422009,,14,0,14.00-15.00,ความลำคาญ,ฟิน,13,
16.00,กลับกรุงเทพ,ใช้เวลาเดินทางนาน,หลับในรถได้,6220422009,,16,0,16.00-17.00,ความลำคาญ,ฟิน,14,
21.00,แวะกินข้าวเย็นก่อนถึงบ้าน,,,6220422009,,21,0,21.00-22.00,ไม่ระบุ,ไม่ระบุ,15,
22.00,ถึงบ้าน,รู้สึกเหนื่อยจากการเที่ยวทั้งวัน,ทำให้นอนหลับง่าย,6220422009,,22,0,22.00-23.00,ความลำคาญ,ฟิน,16,
23.00,อาบน้ำ แปรงฟัน,,,6220422009,,23,0,23.00-24.00,ไม่ระบุ,ไม่ระบุ,17,
00.00,นอน,,,6220422009,,0,0,00.00-01.00,ไม่ระบุ,ไม่ระบุ,18,1.0
8,ตื่นนอน,ง่วง ไม่อยากตื่นนอนตอนเช้า,,6220422010,,8,0,08.00-09.00,ความลำคาญ,ไม่ระบุ,1,
8.05,อาบน้ำแปรงฟัน,ไม่อยากอาบน้ำเพราะหนาว,สดชื่นสบายตัว,6220422010,,8,5,08.00-09.00,หนาว,สดชื่น,2,
8.45,ทำงาน Work from home,ไม่อยากทำงาน เพราะขี้เกียจ,,6220422010,,8,45,08.00-09.00,ความลำคาญ,ไม่ระบุ,3,
9,เดินไปเก็บผ้าที่ตากไว้,ไม่อยากออกไปเก็บเพราะแดดร้อน,เสื้อผ้าถูกเก็บเป็นระเบียบ,6220422010,,9,0,09.00-10.00,ความลำคาญ,ฟิน,4,
9.15,ทำงาน Work from home,ใช้สมองเยอะเพราะต้องคิดงาน,งานถูกวางแผน,6220422010,,9,15,09.00-10.00,งานเพิ่ม-ไม่เสร็จ,ฟิน,5,
12,ออกไปกินข้าวใต้คอนโด,ต้องเจอฝุ่น PM2.5,ได้กินอาหารตามสั่งที่อยากกิน,6220422010,,12,0,12.00-13.00,ความลำคาญ,ฟิน,6,
14,ทำงาน Work from home,ใช้สมองเยอะเพราะต้องคิดงาน,งานเสร็จตามเป้าหมาย,6220422010,,14,0,14.00-15.00,งานเพิ่ม-ไม่เสร็จ,ฟิน,7,
17.3,เดินออกไปซื้อชานมไข่มุกที่ Big C,เหนื่อยเดินทางไปซื้อเองเพราะไม่อยากเสียค่าส่ง,ได้กินชานมไข่มุก ทำให้อารมณ์ดี,6220422010,,17,30,17.00-18.00,ความลำคาญ,ฟิน,8,
18,กิน MK,กลิ่นติดตัว เหนียวตัว,ได้กินอาหารอร่อยหลังจากเหนื่อยจากการทำงาน,6220422010,,18,0,18.00-19.00,ความลำคาญ,ฟิน,9,
19,เดินไปซื้อของใช้ใน Big C,เดินซื้อของ เสี่ยงติดโควิด,ได้ของใช้ที่จำเป็น,6220422010,,19,0,19.00-20.00,ความลำคาญ,ฟิน,10,
19.3,เดินกลับคอนโด,เหนื่อยเดินทาง และต้องเจอฝุ่น PM2.5,ประหยัดค่ารถกลับ,6220422010,,19,30,19.00-20.00,ความลำคาญ,ฟิน,11,
20,นอน,,พักผ่อน,6220422010,,20,0,20.00-21.00,ไม่ระบุ,พักผ่อน,12,
21,ตื่นมาทำการบ้าน,ไม่อยากทำเพราะขี้เกียจ,ทำการบ้านแล้วทำให้เข้าใจในเนื้อหามากขึ้น,6220422010,,21,0,21.00-22.00,ความลำคาญ,ฟิน,13,
24,เล่นเกมส์กับเพื่อน,มือถือแบตหมดเร็ว,พักผ่อน ได้พูดคุยกับเพื่อน,6220422010,,0,0,00.00-01.00,ความลำคาญ,ฟิน,14,
23.3,ออกไปซื้อขนมที่เสเว่น,เดินทางตอนกลางคืน อันตราย,ได้ขนมกลับมากินที่ห้อง,6220422010,,23,30,23.00-24.00,ความลำคาญ,ฟิน,15,
24,เล่นเกมส์กับเพื่อน,มือถือแบตหมดเร็ว,พักผ่อน ได้พูดคุยกับเพื่อน,6220422010,,0,0,00.00-01.00,ความลำคาญ,ฟิน,16,
2,นอน,,พักผ่อน,6220422010,,2,0,02.00-03.00,ไม่ระบุ,พักผ่อน,17,1.0
5.3,ตื่นนอน,อยากนอนต่อ,ได้ไปทำงาน,6220422013,,5,30,05.00-06.00,ง่วง,ฟิน,1,
5.35,อาบน้ำ,หนาว,สดชื่น,6220422013,,5,35,05.00-06.00,หนาว,สดชื่น,2,
6,ทานข้าวเช้า,ยังไม่หิว,อิ่ม,6220422013,,6,0,06.00-07.00,ความลำคาญ,อิ่ม,3,
6.15,เดินทางไปทำงานด้วยรถตู้,เสี่ยงติดโรค,ได้นอนต่อ,6220422013,,6,15,06.00-07.00,ความลำคาญ,พักผ่อน,4,
7,ถึงที่ทำงาน ,ไม่อยากทำงาน,ได้นอนต่อ,6220422013,,7,0,07.00-08.00,ความลำคาญ,พักผ่อน,5,
8.3,ทำงาน,ไม่อยากทำงาน,ได้เงิน,6220422013,,8,30,08.00-09.00,ความลำคาญ,ฟิน,6,
12,ทานข้าวกลางวัน,ร้อน,อิ่ม,6220422013,,12,0,12.00-13.00,ความลำคาญ,อิ่ม,7,
13,ทำงาน,ไม่อยากทำงาน,ได้เงิน,6220422013,,13,0,13.00-14.00,ความลำคาญ,ฟิน,8,
14,ประชุม,เครียด,ได้สรุปงาน,6220422013,,14,0,14.00-15.00,ความลำคาญ,ฟิน,9,
16.3,เลิกงาน,ยังไม่ได้เลิกงาน,ได้ทำงานต่อ,6220422013,,16,30,16.00-17.00,ความลำคาญ,ฟิน,10,
19,เลิกงานจริง,เหนื่อยมากๆ,ได้กลับบ้าน,6220422013,,19,0,19.00-20.00,เหนื่อย,พักผ่อน,11,
19.15,เดินทางกลับบ้าน,อาหารเดิมๆ ซ้ำๆ,อ,6220422013,,19,15,19.00-20.00,ความลำคาญ,ไม่ระบุ,12,
20,ทานข้าวเย็น,ร้อน,อิ่ม,6220422013,,20,0,20.00-21.00,ความลำคาญ,อิ่ม,13,
20.3,อาบน้ำ,หนาว,สะอาด,6220422013,,20,30,20.00-21.00,หนาว,สดชื่น,14,
21,ดูnetflix,เริ่มง่วง,สนุกผ่อนคลาย,6220422013,,21,0,21.00-22.00,ง่วง,พักผ่อน,15,
20.3,เข้านอน,ไม่ทำการบ้าน,สบาย,6220422013,,20,30,20.00-21.00,ความลำคาญ,ฟิน,16,1.0
07.20,ตื่นนอน,งัวเงีย,สดชื่น/ ได้นอนเต็มที่,6220422015,,7,20,07.00-08.00,ง่วง,สดชื่น,1,
07.25,แปรงฟัน/ อาบน้ำ,ไม่สดชื่น ,สะอาด สดชื่น ,6220422015,,7,25,07.00-08.00,ความลำคาญ,สดชื่น,2,
08.10,เดินทางไปทำงาน,,ถึงที่ทำงาน ,6220422015,,8,10,08.00-09.00,ไม่ระบุ,ฟิน,3,
08.40,ทานข้าวเช้า,หิว,อิ่ม,6220422015,,8,40,08.00-09.00,หิว-กลัวอ้วน,อิ่ม,4,
09.00,ทำงาน ,งานเยอะ ,งานเสร็จ ,6220422015,,9,0,09.00-10.00,ความลำคาญ,ฟิน,5,
12.00,ทานข้าวเที่ยง,หิว,อิ่ม,6220422015,,12,0,12.00-13.00,หิว-กลัวอ้วน,อิ่ม,6,
13.30,ทำงาน ,งานเยอะ ,งานเสร็จ ,6220422015,,13,30,13.00-14.00,ความลำคาญ,ฟิน,7,
19.30,เดินทางกลับบ้าน,,ถึงบ้าน ,6220422015,,19,30,19.00-20.00,ไม่ระบุ,พักผ่อน,8,
20.30,ทานข้าวเย็น,หิว,อิ่ม,6220422015,,20,30,20.00-21.00,หิว-กลัวอ้วน,อิ่ม,9,
21.00,แปรงฟัน/ อาบน้ำ,ไม่สดชื่น,สะอาด สดชื่น ,6220422015,,21,0,21.00-22.00,ความลำคาญ,สดชื่น,10,
21.30,ดู youtube/ netflix,ไม่รู้จะเลือกดูอะไรดี,สนุก สบายใจ,6220422015,,21,30,21.00-22.00,ความลำคาญ,ฟิน,11,
23.00,ทำการบ้าน,ไม่ค่อยเข้าใจ ,ศึกษาเพิ่มเติม/ การบ้านเสร็จ ,6220422015,,23,0,23.00-24.00,ความลำคาญ,ทำการบ้าน,12,
00.30,เข้านอน,ง่วง,ได้พักผ่อน,6220422015,,0,30,00.00-01.00,ง่วง,พักผ่อน,13,1.0
07.20,ตื่นนอน,ง่วงไม่อยากตื่น,,6220422017,,7,20,07.00-08.00,ความลำคาญ,ไม่ระบุ,1,
07.25,อาบน้ำ,ไม่อยากอาบน้ำ,สดชื่น สะอาด,6220422017,,7,25,07.00-08.00,หนาว,สดชื่น,2,
07.50,กินข้าวเช้า,ยังไม่หิวแต่ต้องกิน,มีพลังงานในการเริ่มวันใหม่,6220422017,,7,50,07.00-08.00,ความลำคาญ,สดชื่น,3,
08.20,ขับรถไปทำงาน,"รถติด, กังวลเรื่องงาน",,6220422017,,8,20,08.00-09.00,ความลำคาญ,ไม่ระบุ,4,
09.00,ถึงที่ทำงาน,ไม่อยากทำงาน,,6220422017,,9,0,09.00-10.00,ความลำคาญ,ไม่ระบุ,5,
10.30,กินกาแฟ,ง่วง,สดชื่น หายง่วง,6220422017,,10,30,10.00-11.00,ง่วง,สดชื่น,6,
12.00,กินข้าวเที่ยง,อยากกินบุฟเฟ่ แต่ไปกินไม่ได้เวลาน้อยไป,ท้องอิ่ม,6220422017,,12,0,12.00-13.00,ความลำคาญ,อิ่ม,7,
12.30,กลับมาทำงาน(ต่อ),ท้องอิ่มละง่วง,,6220422017,,12,30,12.00-13.00,ความลำคาญ,ไม่ระบุ,8,
14.30,เติมกาแฟ,ง่วง ,สดชื่น หายง่วง,6220422017,,14,30,14.00-15.00,ง่วง,สดชื่น,9,
18.00,เลิกงาน,,ดีใจเลิกงงานแล้ว,6220422017,,18,0,18.00-19.00,ไม่ระบุ,ฟิน,10,
18.10,ขับรถกลับบ้าน,รถติดอีกก,,6220422017,,18,10,18.00-19.00,ความลำคาญ,ไม่ระบุ,11,
19.00,กินข้าวเย็น,หิว,ท้องอิ่ม,6220422017,,19,0,19.00-20.00,หิว-กลัวอ้วน,อิ่ม,12,
19.30,ดู Netflix,มีการงานต้องทำแต่ขี้เกียจ,ได้ความบันเทิง,6220422017,,19,30,19.00-20.00,ความลำคาญ,ฟิน,13,
21.00,เล่นเกม,มีการงานต้องทำแต่ขี้เกียจ,ได้ความบันเทิง,6220422017,,21,0,21.00-22.00,ความลำคาญ,ฟิน,14,
22.00,อ่านหนังสือ,ขี้เกียจอ่าน อยากทำอย่างอื่น,ได้ความรู้ใหม่ เรียนรู้เรื่องใหม่,6220422017,,22,0,22.00-23.00,ความลำคาญ,เรียนรู้สิ่งใหม่,15,
1900-01-01,นอน,ไม่อยากนอนแต่ต้องนอน,ร่างกายได้พักผ่อน ,6220422017,,0,0,00.00-01.00,ความลำคาญ,สดชื่น,16,1.0
05.00,ตื่นมาดูสุนัข,พังข้าวของ,สบายใจ,6220422020,,5,0,05.00-06.00,หิว-กลัวอ้วน,ฟิน,1,
06.00,ฝึกสุนัข,โดนกัด โดนข่วน,สุนัขมีวินัยมากขึ้น,6220422020,,6,0,06.00-07.00,ความลำคาญ,ฟิน,2,
06.15,ให้อาหารสุนัข,เปลืองเงิน,สุนัขอิ่ม,6220422020,,6,15,06.00-07.00,แพง,ฟิน,3,
06.40,อาบน้ำ,หนาว ผิวแห้ง ,สดชื่นและสะอาด,6220422020,,6,40,06.00-07.00,หนาว,สดชื่น,4,
07.00,แต่งตัวแต่งหน้า,ต้องรีบ เพื่อไม่ให้ไปสาย,มั่นใจขึ้น,6220422020,,7,0,07.00-08.00,หนาว,ฟิน,5,
07.20,ขับรถไปทำงาน,เบื่อรถติด,ถึงที่ทำงานทันเวลา,6220422020,,7,20,07.00-08.00,ความลำคาญ,ฟิน,6,
08.00,กินข้าวเช้า,กินแต่อาหารเดิมๆเพราะไม่มีเวลาเตรียม,อิ่ม,6220422020,,8,0,08.00-09.00,ความลำคาญ,อิ่ม,7,
08.15,กินกาแฟ,ยังไม่มีสติครบถ้วน,กระปรี้กระเปร่า,6220422020,,8,15,08.00-09.00,ความลำคาญ,ฟิน,8,
08.30,เช็คอีเมล,กังวล งานเยอะ,วางแผนงานได้,6220422020,,8,30,08.00-09.00,ความลำคาญ,ฟิน,9,
09.00,ทำงาน,เหนื่อย เบื่อ,งานเสร็จ,6220422020,,9,0,09.00-10.00,ความลำคาญ,ฟิน,10,
10.00,ประชุม,เครียด มีข้อถกเถียงไม่จบ,ได้ข้อสรุป,6220422020,,10,0,10.00-11.00,ความลำคาญ,ฟิน,11,
11.00,ทำงาน,เหนื่อย เบื่อ,งานเสร็จ,6220422020,,11,0,11.00-12.00,ความลำคาญ,ฟิน,12,
12.00,กินข้าวกลางวัน,มีแต่อาหารมันๆ,อิ่ม คลายเครียด,6220422020,,12,0,12.00-13.00,ความลำคาญ,พักผ่อน,13,
13.00,ทำงาน,เหนื่อย เบื่อ,งานเสร็จ,6220422020,,13,0,13.00-14.00,ความลำคาญ,ฟิน,14,
15.00,รับประทานอาหารว่าง,หิว กินแก้เบื่อ,อิ่ม อารมณ์ดี,6220422020,,15,0,15.00-16.00,ความลำคาญ,ฟิน,15,
16.00,ทำงาน,เบื่อ งานด่วนมักมาใกล้เลิกงาน,งานเสร็จ,6220422020,,16,0,16.00-17.00,ความลำคาญ,ฟิน,16,
17.00,ขับรถกลับบ้าน,เบื่อรถติด,ถึงบ้านโดยสวัสดิภาพ,6220422020,,17,0,17.00-18.00,ความลำคาญ,พักผ่อน,17,
18.00,ฝึกสุนัข,โดนกัด โดนข่วน,สุนัขมีวินัยมากขึ้น,6220422020,,18,0,18.00-19.00,ความลำคาญ,ฟิน,18,
18.15,ให้อาหารสุนัข,เปลืองเงิน,สุนัขอิ่ม,6220422020,,18,15,18.00-19.00,แพง,ฟิน,19,
19.00,กินข้าวเย็น,หิว กลัวอ้วน,ได้ใช้เวลากับครอบครัว,6220422020,,19,0,19.00-20.00,หิว-กลัวอ้วน,ฟิน,20,
20.00,ออกกำลังกาย,เหนื่อย ท้อแท้,ร่างกายแข็งแรง รู้สึกผิดจากการกินลดลง,6220422020,,20,0,20.00-21.00,ความลำคาญ,ออกกำลังกาย,21,
21.00,อาบน้ำ,หนาว ผิวแห้ง ,สดชื่นและสะอาด,6220422020,,21,0,21.00-22.00,หนาว,สดชื่น,22,
22.00,ดู Netflix,ติดซีรีย์ เสียเวลานอน,สนุกสนาน ผ่อนคลาย,6220422020,,22,0,22.00-23.00,ความลำคาญ,พักผ่อน,23,
23.00,ทำการบ้าน ,ทำไม่ได้ ไม่เข้าใจ เครียด,ได้ความรู้เพิ่ม / การบ้านเสร็จ,6220422020,,23,0,23.00-24.00,ความลำคาญ,ทำการบ้าน,24,
1900-01-01,นอน,เหนื่อยล้า ง่วง,ได้รับการพักผ่อน,6220422020,,0,0,00.00-01.00,ความลำคาญ,พักผ่อน,25,1.0
05.30,Wake up,I don't want to get up,,6220422024,,5,30,05.00-06.00,ความลำคาญ,ไม่ระบุ,1,
05.35,Take a shower,,Cleaned up my body,6220422024,,5,35,05.00-06.00,ไม่ระบุ,สดชื่น,2,
06.00,Take a van to office,,Go to office by office van,6220422024,,6,0,06.00-07.00,ไม่ระบุ,ฟิน,3,
07.00,Arrive at office,"On Monday, the traffic is very jam",,6220422024,,7,0,07.00-08.00,รถติด-ต้องขับรถ,ไม่ระบุ,4,
07.15,Eat breakfast,Feeling bored with the same menu,,6220422024,,7,15,07.00-08.00,ความลำคาญ,ไม่ระบุ,5,
07.30,Morning talk with friend,,Update news,6220422024,,7,30,07.00-08.00,ไม่ระบุ,ฟิน,6,
08.00,Start Working,Have some report urgently to finish by today,,6220422024,,8,0,08.00-09.00,ความลำคาญ,ไม่ระบุ,7,
11.30,Lunch time,Feeling bored with the same menu,,6220422024,,11,30,11.00-12.00,ความลำคาญ,ไม่ระบุ,8,
12.00,Play ROV with friend,,Relax with the game,6220422024,,12,0,12.00-13.00,ไม่ระบุ,พักผ่อน,9,
12.30,Continue working,Hard working to deal with plant member,,6220422024,,12,30,12.00-13.00,ความลำคาญ,ไม่ระบุ,10,
17.00,Finish working,,Feel happiness (Specially Friday),6220422024,,17,0,17.00-18.00,ไม่ระบุ,ฟิน,11,
17.30,Take the van to home,Use the time more than coming to office,Go back to my home,6220422024,,17,30,17.00-18.00,ความลำคาญ,พักผ่อน,12,
19.00,Arrive at home,,,6220422024,,19,0,19.00-20.00,ไม่ระบุ,ไม่ระบุ,13,
19.15,Take a shower,,Cleaned up my body,6220422024,,19,15,19.00-20.00,ไม่ระบุ,สดชื่น,14,
19.30,Dinner,,Eat the special menu by mom cooking,6220422024,,19,30,19.00-20.00,ไม่ระบุ,ฟิน,15,
20.00,Play ROV with friend,,Relax with the game,6220422024,,20,0,20.00-21.00,ไม่ระบุ,พักผ่อน,16,
21.00,Watch netfix,,Relax with the movie,6220422024,,21,0,21.00-22.00,ไม่ระบุ,พักผ่อน,17,
23.00,Sleep,,Feel peaceful,6220422024,,23,0,23.00-24.00,ไม่ระบุ,พักผ่อน,18,1.0
06.30,ตื่นเพื่อปิดนาฬิกาปลุก,ง่วงมากๆ,ได้พักผ่อน,6220422025,,6,30,06.00-07.00,เหนื่อย,พักผ่อน,1,
07.00,ปิดนาฬิกาปลุกอีกครั้ง ตื่นจริงๆ,ง่วง,ได้พักผ่อนต่ออีกหน่อย,6220422025,,7,0,07.00-08.00,ง่วง,พักผ่อน,2,
07.05,ทำอาหารเช้า,ไม่มีอะไรพร้อมกิน,มีอาหารกิน ประหยัดไม่ต้องไปซื้อ,6220422025,,7,5,07.00-08.00,ความลำคาญ,ฟิน,3,
07.30,อาบน้ำ,ไม่สดชื่น,สดชื่น,6220422025,,7,30,07.00-08.00,ความลำคาญ,สดชื่น,4,
07.45,แต่งหน้าแต่งตัว,ไม่สวย,ดูดีขึ้น เสริมสร้างบุคคลิกที่ดี,6220422025,,7,45,07.00-08.00,แพง,ฟิน,5,
08.15,กินอาหารเช้า,หิว,เพิ่มพลังงานในการออกไปใช้ชีวิต,6220422025,,8,15,08.00-09.00,หิว-กลัวอ้วน,สดชื่น,6,
08.35,ล้างจาน,จานเลอะเทอะ,บ้านสะอาด,6220422025,,8,35,08.00-09.00,ความลำคาญ,สดชื่น,7,
08.55,รดน้ำต้นไม้,ต้นไม้จะเฉา,ต้นไม้เติบโต,6220422025,,8,55,08.00-09.00,ความลำคาญ,เรียนรู้สิ่งใหม่,8,
09.00,ออกจากบ้าน,หัวหน้าให้ออกแม้WFH,แวะซื้อของระหว่างเดินทาง,6220422025,,9,0,09.00-10.00,ความลำคาญ,ฟิน,9,
09.10,ขึ้นรถไฟฟ้าไปทำงาน,บ้านไกลจากที่ทำงาน,ได้แวะระหว่างทางบ้าง,6220422025,,9,10,09.00-10.00,ความลำคาญ,ฟิน,10,
09.40,ถึงที่ทำงาน,กลัว covid-19,ได้เจอเพื่อนร่วมงาน,6220422025,,9,40,09.00-10.00,ความลำคาญ,ฟิน,11,
10.00,ประชุม,มี issue ต้องคุยกับทีมอื่น,ได้ทำความเข้าใจมากขึ้น,6220422025,,10,0,10.00-11.00,ความลำคาญ,ฟิน,12,
12.00,กินอาหารกลางวัน,หิว,เม้ามอยด์กับทีม,6220422025,,12,0,12.00-13.00,หิว-กลัวอ้วน,ฟิน,13,
13.00,ซื้อชาไข่มุก,อยากกินน้ำหวาน,อารมณ์ดี,6220422025,,13,0,13.00-14.00,ความลำคาญ,ฟิน,14,
13.15,ทำงาน,งานค้าง,งานมี progress,6220422025,,13,15,13.00-14.00,งานเพิ่ม-ไม่เสร็จ,เรียนรู้สิ่งใหม่,15,
15.30,ชงกาแฟ,ง่วง เมื่อย,เดินยืดเส้นยืดสาย,6220422025,,15,30,15.00-16.00,ง่วง,ออกกำลังกาย,16,
15.45,ทำงานต่อ,งานค้าง,งานเกือบเสร็จ,6220422025,,15,45,15.00-16.00,งานเพิ่ม-ไม่เสร็จ,ฟิน,17,
17.00,ประชุม,ไม่เข้าใจงานที่ได้รับมอบหมาย,เข้าใจงาน สามารถทำงานที่ได้รับได้,6220422025,,17,0,17.00-18.00,ความลำคาญ,เรียนรู้สิ่งใหม่,18,
18.00,ทำงาน,งานค้าง,งานมี progress,6220422025,,18,0,18.00-19.00,งานเพิ่ม-ไม่เสร็จ,เรียนรู้สิ่งใหม่,19,
19.00,วิ่งสวนสาธารณะ,เหนื่อยง่าย,สุขภาพดีขึ้น,6220422025,,19,0,19.00-20.00,ความลำคาญ,ออกกำลังกาย,20,
20.30,ขึ้นรถกลับบ้าน,อยากนอน,ฟังเพลงระหว่างเดินทาง,6220422025,,20,30,20.00-21.00,ง่วง,ฟิน,21,
21.20,ลงรถไฟฟ้า,เดินไกล,ซื้ออาหารเย็นระหว่างทางเดินไปคอนโด,6220422025,,21,20,21.00-22.00,ความลำคาญ,ฟิน,22,
21.30,กินอาหารเย็นเบาๆ,หิว,ไม่หิวก่อนนอน,6220422025,,21,30,21.00-22.00,หิว-กลัวอ้วน,ฟิน,23,
22.00,อาบน้ำ,เหม็นเหงื่อและสิ่งสกปรก,ผ่อนคลาย ตัวหอมและสดชื่น,6220422025,,22,0,22.00-23.00,ความลำคาญ,สดชื่น,24,
22.30,เป่าผม,หัวเปียก,ดูแลสุขภาพผม,6220422025,,22,30,22.00-23.00,ความลำคาญ,ออกกำลังกาย,25,
22.40,ดูซีรีย์,เหนื่อยมาทั้งวัน,ผ่อนคลาย คุยกับเพื่อนรู้เรื่อง,6220422025,,22,40,22.00-23.00,ความลำคาญ,ฟิน,26,
23.30,เรียนคอร์สออนไลน์,ตามโลกการทำงานไม่ทัน,พัฒนาตนเอง,6220422025,,23,30,23.00-24.00,ความลำคาญ,เรียนรู้สิ่งใหม่,27,
00.30,เข้านอน,ง่วง,พักผ่อน,6220422025,,0,30,00.00-01.00,ง่วง,พักผ่อน,28,1.0
05.00,Wake-up,Feel not refreshing,More day time,6220422026,,5,0,05.00-06.00,ความลำคาญ,ทำการบ้าน,1,
05.30,Read online content,No updates from multiple web,Updated news and technology,6220422026,,5,30,05.00-06.00,ความลำคาญ,ฟิน,2,
06.00,Review materials & tasks,,Done almost high pioritoes,6220422026,,6,0,06.00-07.00,ไม่ระบุ,ฟิน,3,
07.00,Outdoor exercise & shower,High PM2.5 and PM10,,6220422026,,7,0,07.00-08.00,ความลำคาญ,ไม่ระบุ,4,
08.00,Breakfast,Same as yesterday,,6220422026,,8,0,08.00-09.00,ง่วง,ไม่ระบุ,5,
08.30,Garden,Idle stand in each area,,6220422026,,8,30,08.00-09.00,ความลำคาญ,ไม่ระบุ,6,
08.45,Coffee,Travel to have good coffee,,6220422026,,8,45,08.00-09.00,ความลำคาญ,ไม่ระบุ,7,
09.00,Team meeting,Always over time,,6220422026,,9,0,09.00-10.00,ความลำคาญ,ไม่ระบุ,8,
09.30,Clear emails & admin tasks,Email composition takes time,Notify to colleages and partners,6220422026,,9,30,09.00-10.00,ความลำคาญ,ฟิน,9,
10.00,Deal with customers,Customer cannot talk,More understanding to close sales,6220422026,,10,0,10.00-11.00,ความลำคาญ,ฟิน,10,
11.00,Solve and sourcing,A lot of products and services,A fit solution for budget and tech.,6220422026,,11,0,11.00-12.00,ความลำคาญ,ฟิน,11,
12.00,Lunch,Hot outside but wanna be outside,,6220422026,,12,0,12.00-13.00,ความลำคาญ,ไม่ระบุ,12,
13.00,Follow up partners,Long talk but less conclusion,Better delivery and services,6220422026,,13,0,13.00-14.00,ความลำคาญ,ฟิน,13,
14.00,Coordinate meeting,Listen a lot for little progress,,6220422026,,14,0,14.00-15.00,ความลำคาญ,ไม่ระบุ,14,
17.00,Clear office tasks,A lot of call for next steps,,6220422026,,17,0,17.00-18.00,ความลำคาญ,ไม่ระบุ,15,
18.00,Play with children,"Not enough light, a lot  mosquitos",,6220422026,,18,0,18.00-19.00,ความลำคาญ,ไม่ระบุ,16,
19.00,Dinner,Take time for good meals,,6220422026,,19,0,19.00-20.00,ความลำคาญ,ไม่ระบุ,17,
19.30,Watch & Listen,Favorites must wait for next week,Same story and rythm with family,6220422026,,19,30,19.00-20.00,ความลำคาญ,ฟิน,18,
20.30,Bathing,A lot of drain,Relax body and mind,6220422026,,20,30,20.00-21.00,เหนื่อย,พักผ่อน,19,
21.00,Read a book,Not enough time to summarize,More deep understanding,6220422026,,21,0,21.00-22.00,ความลำคาญ,ฟิน,20,
21.30,Plan tomorrow tasks,Lost some information,Summarize  important and todos,6220422026,,21,30,21.00-22.00,เหนื่อย,ฟิน,21,
22.00,Sleep to deep,More hours for freshy in morning,No dream better organization,6220422026,,22,0,22.00-23.00,ความลำคาญ,ฟิน,22,1.0
07.00,ตื่นนอน,ง่วงมาก ลืมตาแทบไม่ขึ้น,ตื่นไปทำงานทัน,6220422027,,7,0,07.00-08.00,ความลำคาญ,ฟิน,1,
07.30,อาบน้ำ แต่งตัวไปทำงาน,ไม่อยากอาบน้ำ น้ำเย็นมาก,ตัวสะอาดไปทำงาน,6220422027,,7,30,07.00-08.00,หนาว,ฟิน,2,
08.15,เดินไปทำงาน,ไม่อยากเดินตอนเช้าๆ เร่งรีบ,ไม่เสียเงินค่าเดินทาง เพราะที่พักอยู่ใกล้ที่ทำงาน,6220422027,,8,15,08.00-09.00,ความลำคาญ,ฟิน,3,
08.30,ซื้อกาแฟไปดื่มที่ทำงาน,ง่วง ไม่มีอารมณ์ทำงาน,กระตุ้นให้หายง่วง มีแรงทำงาน,6220422027,,8,30,08.00-09.00,ความลำคาญ,ฟิน,4,
10.30,อัพรูปตอนเที่ยวลง facebook,อยากไปเที่ยว แต่ติดช่วง COVID ทำให้ไปไม่ได้,สบายใจ แก้เบื่อ,6220422027,,10,30,10.00-11.00,ความลำคาญ,ฟิน,5,
12.00,สั่งอาหารเที่ยงผ่าน Food panda,ไม่อยากออกไปซื้อเอง แถวที่ทำงานไม่มีร้านอร่อย อากาศร้อน กลัว COVID,ได้กินอาหารที่อยากกินทันพักเที่ยง,6220422027,,12,0,12.00-13.00,ความลำคาญ,ฟิน,6,
16.30,เลิกงาน เดินกลับห้อง,แดดร้อน คนค่อนข้างเยอะ,ได้กลับบ้านเร็ว,6220422027,,16,30,16.00-17.00,ความลำคาญ,พักผ่อน,7,
17.00,แวะซื้อของกินที่ 7-11,หิว หาอะไรรองท้องก่อนออกกำลังกาย,กินแล้วมีแรงออกกำลังกาย,6220422027,,17,0,17.00-18.00,ความลำคาญ,ออกกำลังกาย,8,
18.30,ออกกำลังกาย ตามคลิปที่ห้อง,ขี้เกียจออกกำลังกาย เหนื่อย,หุ่นดี สุขภาพดี,6220422027,,18,30,18.00-19.00,ความลำคาญ,ออกกำลังกาย,9,
20.00,อาบน้ำ,ยังไม่หายเหนื่อยจากออกกำลังกาย,ร่างกายสะอาด สดชื่น,6220422027,,20,0,20.00-21.00,ความลำคาญ,สดชื่น,10,
20.20,เดินไปที่ตู้เย็น หานมดื่ม,ท้องร้อง หิวหลังออกกำลังกาย,อิ่มท้อง,6220422027,,20,20,20.00-21.00,ความลำคาญ,อิ่ม,11,
20.30,เล่น social หาเพลงที่ชอบฟัง,หาอะไรทำแก้เบื่อ บิ้วตัวเองก่อนทำการบ้าน,อารมณ์ดี มีแรงทำการบ้าน,6220422027,,20,30,20.00-21.00,ความลำคาญ,ฟิน,12,
21.30,ทำการบ้าน ป.โท,ขี้เกียจทำการบ้าน ใช้เวลานาน ง่วง,การบ้านเสร็จทันเวลา,6220422027,,21,30,21.00-22.00,ความลำคาญ,ทำการบ้าน,13,
23.30,สวดมนต์ และเข้านอน,ง่วงนอน ไม่อยากตื่นไปทำงานสาย,นอนหลับเต็มที่ ตื่นไปทำงานทัน,6220422027,,23,30,23.00-24.00,ความลำคาญ,ฟิน,14,1.0
6,ตื่นนอน,ง่วงนอน ไม่อยากลุกจากเตียง,,6220422029,,6,0,06.00-07.00,ความลำคาญ,ไม่ระบุ,1,
6.15,ขับรถไปบ้านย่า,,,6220422029,,6,15,06.00-07.00,ไม่ระบุ,ไม่ระบุ,2,
6.4,ตักบาตร,,เพื่อความสบายใจ,6220422029,,6,40,06.00-07.00,ไม่ระบุ,ฟิน,3,
7,ออกกำลังกายแบบ Cardio,เหนื่อย,หุ่นปัง,6220422029,,7,0,07.00-08.00,เหนื่อย,ฟิน,4,
7.4,อัดคลิปออกกำลังกาย,,ถ่ายรูปลง story facebook/IG,6220422029,,7,40,07.00-08.00,ไม่ระบุ,ฟิน,5,
8,อาบน้ำ แต่งตัว,ขี้เกียจแต่งตัว,แต่งเพื่อให้ตัวเองทีกำลังใจทำงาน,6220422029,,8,0,08.00-09.00,ความลำคาญ,ฟิน,6,
8.3,กินข้าวเช้า,,,6220422029,,8,30,08.00-09.00,ไม่ระบุ,ไม่ระบุ,7,
9,เริ่มทำงานประจำที่รัก,ขี้เกียจทำงาน,,6220422029,,9,0,09.00-10.00,ความลำคาญ,ไม่ระบุ,8,
10.3,คั้นน้ำส้ม ทำ Black orange coffee,,สดชื่น มีแรงทำงาน,6220422029,,10,30,10.00-11.00,ไม่ระบุ,สดชื่น,9,
11,ทำงาน(ต่อ),,,6220422029,,11,0,11.00-12.00,ไม่ระบุ,ไม่ระบุ,10,
12,ทำกับข้าว,ไม่อยากกินคลีน ไม่อร่อย,"Low sodium,sugar",6220422029,,12,0,12.00-13.00,ความลำคาญ,ฟิน,11,
12.3,กินข้าวกลางวัน,,,6220422029,,12,30,12.00-13.00,ไม่ระบุ,ไม่ระบุ,12,
12.5,ล้างจาน,,,6220422029,,12,50,12.00-13.00,ไม่ระบุ,ไม่ระบุ,13,
13,เริ่มงานช่วงบ่าย,,,6220422029,,13,0,13.00-14.00,ไม่ระบุ,ไม่ระบุ,14,
15.45,ส่งงานเจ้านายครบตามกำหนด,,ทำงานดี ไม่ต้องตามแก้อีก,6220422029,,15,45,15.00-16.00,ไม่ระบุ,ฟิน,15,
16,หาข้อมูลต้นไม้ เตรียมเปิดเพจ เฌอ'ตอม,,ลูกค้าชอบ แย่งกันซื้อ,6220422029,,16,0,16.00-17.00,ไม่ระบุ,ฟิน,16,
17,กินข้าวเย็น,,,6220422029,,17,0,17.00-18.00,ไม่ระบุ,ไม่ระบุ,17,
17.2,เดินดูต้นไม้+ถ่ายรูป,,ลง Social เกร๋ๆ,6220422029,,17,20,17.00-18.00,ไม่ระบุ,ฟิน,18,
18,นั่งพูดคุยกับญาติผู้ใหญ่+เล่นกับหมา,,,6220422029,,18,0,18.00-19.00,ไม่ระบุ,ไม่ระบุ,19,
19,ออกกำลังกายแบบ Weight Trainning,เหนื่อย,หุ่นปัง,6220422029,,19,0,19.00-20.00,เหนื่อย,ฟิน,20,
20.15,ท่องโลกอิเตอร์เน็ต ดูหนัง ฟังเพลง เช็ค social,,,6220422029,,20,15,20.00-21.00,ไม่ระบุ,ไม่ระบุ,21,
22,อาบน้ำนอน,,,6220422029,,22,0,22.00-23.00,ไม่ระบุ,ไม่ระบุ,22,
22.2,ทำการบ้าน,,งานเสร็จแล้วเราจะสบาย,6220422029,,22,20,22.00-23.00,ไม่ระบุ,ฟิน,23,
0,สวดมนต์,ง่วงนอน,ฝึกตัวเองให้มีสมาธิที่ดี,6220422029,,0,0,00.00-01.00,ง่วง,ฟิน,24,
0.15,เข้านอน,,,6220422029,,0,15,00.00-01.00,ไม่ระบุ,ไม่ระบุ,25,1.0
08.00,Wake up,I don't want to get up,,6220422031,,8,0,08.00-09.00,ความลำคาญ,ไม่ระบุ,1,
08.05,Play smart phone,,I see other people post and their happiness,6220422031,,8,5,08.00-09.00,ไม่ระบุ,ฟิน,2,
08.20,Play ROV,,I gain my happiness to play game,6220422031,,8,20,08.00-09.00,ไม่ระบุ,ฟิน,3,
09.00,Take a shower,,Cleaned,6220422031,,9,0,09.00-10.00,ไม่ระบุ,สดชื่น,4,
09.20,Eat breakfast,I bored because of eating scramble egg and bread again,,6220422031,,9,20,09.00-10.00,ความลำคาญ,ไม่ระบุ,5,
09.35,Read a book,,Today I read the story about how to do gardening ,6220422031,,9,35,09.00-10.00,ไม่ระบุ,ฟิน,6,
10.00,go to GYM,Muscle pain,"more strength for my body, Healthier",6220422031,,10,0,10.00-11.00,ความลำคาญ,ออกกำลังกาย,7,
12.00,Lunch time,,I'm full because of Pizza I bought from Italian Restaurant,6220422031,,12,0,12.00-13.00,ไม่ระบุ,ฟิน,8,
13.00,go shopping,Lose money,I pay what I want,6220422031,,13,0,13.00-14.00,แพง,ฟิน,9,
15.00,arrive home,,,6220422031,,15,0,15.00-16.00,ไม่ระบุ,ไม่ระบุ,10,
15.15,Watch Netflix,,watching series that I can't watch during Mon- Fri,6220422031,,15,15,15.00-16.00,ไม่ระบุ,พักผ่อน,11,
18.00,Dinner ,,Delicious food I gain my happiness,6220422031,,18,0,18.00-19.00,ไม่ระบุ,ฟิน,12,
18.30,Family time,,Watch movie at home with my mom,6220422031,,18,30,18.00-19.00,ไม่ระบุ,พักผ่อน,13,
20.00,Read Textbook,Difficult subject makes me despondent,,6220422031,,20,0,20.00-21.00,ความลำคาญ,ไม่ระบุ,14,
22.00,Play ROV,,Happy,6220422031,,22,0,22.00-23.00,ไม่ระบุ,ฟิน,15,
1900-01-01,Bed time,,Rest,6220422031,,0,0,00.00-01.00,ไม่ระบุ,พักผ่อน,16,1.0
07.00,นาฬิกาปลุก ครั้งแรก,สลึมสลือ ง่วงนอนอยู่,กด check-in COVID-19 (Health Check ของบริษัท),6220422067,,7,0,07.00-08.00,ง่วง,พักผ่อน,1,
07.30,นาฬิกาปลุก ครั้งที่สอง,รู้สึกขี้เกียจ ไม่อยากลุก,ตื่นเพื่อมีเวลาเตรียมตัวก่อนทำงาน,6220422067,,7,30,07.00-08.00,ความลำคาญ,ฟิน,2,
07.40,อาบน้ำ,หนาว,สดชื่น และตื่นเต็มที่,6220422067,,7,40,07.00-08.00,หนาว,สดชื่น,3,
08.00,ทำงาน แบบ Work from home,การไม่ได้แต่งตัวออกจากบ้าน  ทำให้ไม่ได้ใส่ชุดทำงานใหม่ๆ,ไม่ต้องเสียเวลาเลือกเสื้อผ้า แต่งตัว ทำงานได้เลย พร้อมกับจิบกาแฟและอาหารเช้าเบาๆไปพร้อมกัน,6220422067,,8,0,08.00-09.00,ความลำคาญ,ฟิน,4,
08.10,จิบกาแฟและอาหารเช้าเบาๆไปพร้อมกัน,กินไปพร้อมกับทำงานไปด้วย  ไม่ค่อยสะดวกนัก,ประหยัดเวลา  ทำให้ไม่ต้องตื่นเช้าเผื่อเวลากินก่อนเข้างาน,6220422067,,8,10,08.00-09.00,ความลำคาญ,ฟิน,5,
09.00,ใช้ MS Team และ Line เป็นหลักในการทำงาน,"ปัญหาสัญญาณ Internet ไม่แรงพอ  การ call, meeting สะดุด
สิ่งแวดล้อมมีเสียงรบกวน  ขาดสมาธิในการทำงาน",การประชุมสามารถรองรับคนจำนวนได้มากขึ้นกว่าเดิม  จากเดิมที่ต้องหาห้องประชุมให้พอกับจำนวนคน,6220422067,,9,0,09.00-10.00,ความลำคาญ,ฟิน,6,
12.00,ออกไป ทานข้าวที่ cosmo bazaar,เสียเวลาเดินทางช่วงพักเที่ยง  แม้จะใช้เวลาแค่ 20 นาที  ,มีอาหารอร่อยๆให้เลือกเยอะ,6220422067,,12,0,12.00-13.00,ความลำคาญ,ฟิน,7,
13.00,ไปนั่งทำงานช่วงบ่ายที่ Co-Working Space,คนเยอะ เสียงดัง วุ่นวาย เสียค่าเครื่องดื่ม อาหารในการใช้สถานที่ ไม่ใช่ทุกที่นั่งที่จะมีปลั๊ก  ต้องเดินหาที่นั่งที่เหมาะสมในการนั่งทำงาน,Wifi แรง มีที่นั่งเยอะ บรรยากาศดี  พื้นที่กว้าง  การตกแต่งสวย,6220422067,,13,0,13.00-14.00,ความลำคาญ,สดชื่น,8,
13.30,ประชุมผ่าน MS Team,ไม่สามารถพูดเสียงดัง หรือเปิดลำโพงได้ ต้องใช้หูฟังหลายแบบ ทั้งต่อคอม ต่อไอโฟน และต้องพกสายชาร์จโน้ตบุค ชาร์จไอโฟน ชาร์จไอแพด ต้องขนอุปกรณ์เยอะมาก,มีสมาธิในการทำงาน ไม่สะดุด,6220422067,,13,30,13.00-14.00,ความลำคาญ,ฟิน,9,
15.00,สั่งน้ำ ขนมของร้านมานั่งกินระหว่างทำงาน,แพง,อร่อย,6220422067,,15,0,15.00-16.00,แพง,ฟิน,10,
17.30,ไปซื้อข้าวเย็นที่ cosmo bazaar เพื่อเอากลับไปกินที่บ้าน,มีของอยากกินเยอะไปหมด เลยซื้อมาเกินจำเป็น กินหมดก็อ้วน,มีอาหารอร่อยให้เลือกซื้อเยอะ,6220422067,,17,30,17.00-18.00,ความลำคาญ,ฟิน,11,
18.30,รับประทานอาหารเย็นพร้อมกันในครอบครัว,ทุกคนรอกินข้าวพร้อมกัน,สร้างความสัมพันธ์ระหว่างสมาชิกในครอบครัว,6220422067,,18,30,18.00-19.00,ความลำคาญ,ฟิน,12,
19.30,เล่น Facebook,ยืนนาน เฝ้าตู้อบเพื่อดูสีของขนม เสียเวลาในการเฝ้าไปโดยเปล่าประโยชน์,สร้างรายได้เสริม สร้างภาพพจน์บน Social,6220422067,,19,30,19.00-20.00,ความลำคาญ,ฟิน,13,
21.00,อาบน้ำ,หนาว,สดชื่น,6220422067,,21,0,21.00-22.00,หนาว,สดชื่น,14,
21.30,ทาครีม,ขี้เกียจรอครีมซึม  ทั้งที่ซื้อมาหลายตัว หลาย Step,รู้สึกดีที่ผิวได้รับการบำรุง,6220422067,,21,30,21.00-22.00,ความลำคาญ,ออกกำลังกาย,15,
21.40,ดู Series,ดูแล้วติดยาว ง่วงแต่อยากดูให้จบ,สนุก คลายเครียด เบาสมอง,6220422067,,21,40,21.00-22.00,ความลำคาญ,พักผ่อน,16,
01.00,หลับไปไม่รู้ตัว,,,6220422067,,1,0,01.00-02.00,ไม่ระบุ,ไม่ระบุ,17,1.0
06.50,ตื่นนอน เล่นมือถือ,ยังง่วงนอนมากแต่ต้องตื่นเพราะมีเรียน,มีเวลาเตรียมตัวเยอะมากขึ้น,6220422068,,6,50,06.00-07.00,ความลำคาญ,ทำการบ้าน,1,
07.00,อาบน้ำ แต่งตัว,ต้องสระผมเป่าผม แต่งหน้า เลือกชุดใช้เวลานาน,ร่างกายตื่นตัว สะอาด,6220422068,,7,0,07.00-08.00,หนาว,สดชื่น,2,
08.00,เดินทางไป 101 Digital True Park (BTS),ไกล ใช้เวลา,ได้เล่นมือถือขณะเดินทาง,6220422068,,8,0,08.00-09.00,ความลำคาญ,ฟิน,3,
08.50,เตรียมพร้อมเริ่มเรียนวิชาแรก,ยังไม่ได้ทานข้าวเช้า หิว,ได้ที่นั่งพร้อมปลั๊กไฟ,6220422068,,8,50,08.00-09.00,ความลำคาญ,พักผ่อน,4,
09.00,เรียนวิชาแรก,แอร์ที่ร้านหนาวมาก,ได้ความรู้ ความคิดเห็นจากอาจารย์และเพื่อนร่วมห้อง ไม่เหงา สนุก,6220422068,,9,0,09.00-10.00,หนาว,ฟิน,5,
12.00,ทานข้าวเที่ยง,ร้านอาหารเยอะเลือกไม่ถูก,คนน้อยไม่ต้องรอนาน,6220422068,,12,0,12.00-13.00,ความลำคาญ,ฟิน,6,
13.00,เรียนวิชาสอง พร้อมกับทำการบ้านวิชาอื่น,ง่วงนอนมาก ไม่เข้าใจเนื้อหา,ได้มีเวลาทำการบ้านเพิ่ม,6220422068,,13,0,13.00-14.00,ความลำคาญ,ทำการบ้าน,7,
16.00,"เล่นมือถือ Facebook, Instagram, Shopee",เสียเวลาไปโดยไม่ได้สาระความรู้เพิ่มเติม,ผ่อนคลาย เพลิดเพลิน ไม่เครียด,6220422068,,16,0,16.00-17.00,ความลำคาญ,พักผ่อน,8,
17.30,ทานอาหารเย็น เล่นมือถือขณะทานอาหาร,เลือกไม่ถูกว่าจะทานอะไรดี,"ได้เดินออกกำลังกายเลือกร้าน, คนน้อยไม่ต้องรอนาน ",6220422068,,17,30,17.00-18.00,ความลำคาญ,ออกกำลังกาย,9,
18.40,ทำการบ้าน และเล่นมือถือ,"ต้องกลับไปย้อนฟังคลิปที่เรียนใหม่, สมาธิเสีย ทำสองอย่าง",เข้าใจเนื้อหารที่เรียนมากขึ้น ได้ฝึกทำแบบฝึกหัด ได้คุยกับเพื่อน,6220422068,,18,40,18.00-19.00,ความลำคาญ,ฟิน,10,
22.00,เดินทางกลับบ้าน ฟังเพลงด้วย,เหนื่อย ต้องเดินขึ้นลงบันได BTS รอรถไฟ,ผ่อนคลาย เพลิดเพลิน,6220422068,,22,0,22.00-23.00,ความลำคาญ,พักผ่อน,11,
23.00,คุยเล่นกับคนในครอบครัว,เวลานอนลดน้อยลง,ได้อัพเดตชีวิตของคนในครอบครัว,6220422068,,23,0,23.00-24.00,ความลำคาญ,ฟิน,12,
00.10,อาบน้ำเตรียมเข้านอน,ขี้เกียจ,สบายตัว,6220422068,,0,10,00.00-01.00,ความลำคาญ,ฟิน,13,
00.30,"เล่นมือถือ Facebook, Instagram",เวลานอนลดน้อยลง,ผ่อนคลาย เพลิดเพลิน,6220422068,,0,30,00.00-01.00,ความลำคาญ,พักผ่อน,14,
01.00,นอนหลับ,ไม่ได้ทำกิจกรรมอื่น,ชาร์จพลังให้กับร่างกาย,6220422068,,1,0,01.00-02.00,ความลำคาญ,สดชื่น,15,1.0
06.00,ตื่นนอน,ง่วงมากๆ,เริ่มต้นวันใหม่,6220422103,,6,0,06.00-07.00,เหนื่อย,สดชื่น,1,
06.15,อาบน้ำ,ง่วงและหนาว,"ตื่นตัว, สดชื่น",6220422103,,6,15,06.00-07.00,หนาว,สดชื่น,2,
06.30,เดินทางไปทำงาน,"ขี้เกียจขับรถ, เบื่อ",ไม่ขาดงาน,6220422103,,6,30,06.00-07.00,หนาว,ฟิน,3,
07.00,ถึงที่ทำงาน,"ขี้เกียทำงาน, เหนื่อย",มาทันเวลาเข้างาน,6220422103,,7,0,07.00-08.00,ความลำคาญ,ฟิน,4,
07.15,กินนม-ขนมปัง,หิว,อิ่มท้อง,6220422103,,7,15,07.00-08.00,หิว-กลัวอ้วน,อิ่ม,5,
07.30,เปิด email เตรียมการประชุม,"เบื่อ, ซ้ำซาก",ทราบความคืบหน้าของงาน,6220422103,,7,30,07.00-08.00,ความลำคาญ,เรียนรู้สิ่งใหม่,6,
07.45,ประชุมกับแผนกซ่อมบำรุง,คุยเรื่องเดิมๆ,ทราบการเสียของเครื่องจักรของเมื่อวาน,6220422103,,7,45,07.00-08.00,ง่วง,ฟิน,7,
08.00,เตรียมเรื่องประชุมกับแผนก maintenance support,เตรียมข้อมูลรูปแบบเดิมๆ,มีข้อมูลไว้ประชุม,6220422103,,8,0,08.00-09.00,ความลำคาญ,ฟิน,8,
08.30,ประชุมกับแผนก maintenance support,ง่วง,ได้อัพเดตข่าวสารของโรงงาน,6220422103,,8,30,08.00-09.00,ง่วง,ฟิน,9,
08.45,ประชุมกับแผนก production,ยืนประชุม เมื่อยขา,ได้อัพเดตข้อมูลฝั่งการผลิต,6220422103,,8,45,08.00-09.00,ความลำคาญ,ฟิน,10,
09.00,เตรียมข้อมูลประชุมจากฝั่ง production ไปยังแผนกซ่อมบำรุง,จดข้อมูลเยอะ,มีข้อมูลไว้ประชุม,6220422103,,9,0,09.00-10.00,เหนื่อย,ฟิน,11,
09.40,ประชุมวางแผนการทำงานในวันนี้กับแผนกซ่อมบำรุง,วางแผนยาก เพราะเป็น immediate action,ได้จัด priority ของงาน,6220422103,,9,40,09.00-10.00,ความลำคาญ,ฟิน,12,
10.00,ทำงานตามแผนที่วางไว้,เหนื่อย,เริ่มจัดการงานตามแผน,6220422103,,10,0,10.00-11.00,เหนื่อย,ฟิน,13,
11.00,เดินไปดูสภาพการทำงานของเครื่องจักร,ร้อน ฝุ่นเยอะ,ทราบสภาพการณ์ของเครื่องจักร,6220422103,,11,0,11.00-12.00,ความลำคาญ,ฟิน,14,
11.30,พักเที่ยงกินข้าว,หิว,อิ่มท้อง,6220422103,,11,30,11.00-12.00,หิว-กลัวอ้วน,อิ่ม,15,
12.00,ไปร้านกาแฟ กินกาแฟ,ง่วง,พักผ่อน,6220422103,,12,0,12.00-13.00,ง่วง,พักผ่อน,16,
12.15,พูดคุยตามอัธยาศัยกับทีมงาน,เหนื่อย,สนุกสนาน,6220422103,,12,15,12.00-13.00,เหนื่อย,ฟิน,17,
12.30,หมดเวลาพัก กลับไปทำงานต่อ,หมดเวลาพักผ่อน,จัดการงานต่อ,6220422103,,12,30,12.00-13.00,ความลำคาญ,ฟิน,18,
13.00,เดินไปซื้อน้ำหวานมากิน,ง่วง เพลีย,สดชื่น,6220422103,,13,0,13.00-14.00,ความลำคาญ,สดชื่น,19,
13.15,ทำงานต่อ,งานยังเหลือเยอะ,งานเสร็จเป็นอย่างๆ,6220422103,,13,15,13.00-14.00,ความลำคาญ,ฟิน,20,
14.00,ติดตามสถานะงานของวันนี้ ตามแผนที่ได้วางไว้,ดู progress งานกับแผน,ควบคุมเวลาได้,6220422103,,14,0,14.00-15.00,ความลำคาญ,ฟิน,21,
15.00,สรุปผลสถานะการทำงานของวันนี้ ว่าตามแผนหรือไม่,เร่งงานให้เสร็จตามแผน,ปิดงานของวันนี้,6220422103,,15,0,15.00-16.00,ความลำคาญ,ฟิน,22,
16.00,เลิกงาน เดินทางกลับบ้าน,เบื่อการขับรถ,จบงานของวัน,6220422103,,16,0,16.00-17.00,หนาว,ฟิน,23,
16.40,ถึงบ้าน นั่งพักผ่อนดูทีวี,เหนื่อย,พักผ่อน,6220422103,,16,40,16.00-17.00,เหนื่อย,พักผ่อน,24,
17.30,เปิดคอมพิวเตอร์,งานยังไม่เสร็จ,เตรียมทำงาน,6220422103,,17,30,17.00-18.00,งานเพิ่ม-ไม่เสร็จ,ฟิน,25,
17.40,เล่นอินเตอร์เน็ต อ่านบทความออนไลน์,เบื่อ,อัพเดตข่าวสาร,6220422103,,17,40,17.00-18.00,รถติด-ต้องขับรถ,ฟิน,26,
18.30,กินข้าวเย็น,หิว,หายหิว,6220422103,,18,30,18.00-19.00,หิว-กลัวอ้วน,ฟิน,27,
19.00,ทำการบ้าน ป.โท,เหนื่อย ยาก,ได้ความรู้,6220422103,,19,0,19.00-20.00,ความลำคาญ,เรียนรู้สิ่งใหม่,28,
19.30,อาบน้ำ,อ่อนเพลีย ง่วง,สดชื่น,6220422103,,19,30,19.00-20.00,ความลำคาญ,สดชื่น,29,
20.00,ทำการบ้าน ป.โท ต่อ,เหนื่อย ขี้เกียจ,ได้ความรู้,6220422103,,20,0,20.00-21.00,ความลำคาญ,เรียนรู้สิ่งใหม่,30,
21.00,หาขนม ของหวานมากิน,หิวขนม,อิ่มขนม,6220422103,,21,0,21.00-22.00,หิว-กลัวอ้วน,ฟิน,31,
22.00,แปรงฟัน,เริ่มง่วง,สดชื่นขึ้น,6220422103,,22,0,22.00-23.00,ง่วง,สดชื่น,32,
22.30,นั่งดูข่าว,ง่วง แต่ยังไม่อยากนอน,ได้อัพเดตข่าวสารบ้านเมือง,6220422103,,22,30,22.00-23.00,ความลำคาญ,ฟิน,33,
23.00,เข้านอน,อ่อนเพลีย ง่วง,พักผ่อน,6220422103,,23,0,23.00-24.00,ความลำคาญ,พักผ่อน,34,1.0
08.00,ตื่นนอน,ง่วงนอนยังไม่อยากตื่น,,6220422106,,8,0,08.00-09.00,ความลำคาญ,ไม่ระบุ,1,
08.05,นอนเล่นมือถือ,เสียเวลา จะสายแล้ว,เช็คงานเช็คไลน์,6220422106,,8,5,08.00-09.00,ความลำคาญ,พักผ่อน,2,
08.30,อาบน้ำ,สายแล้วต้องรีบอาบน้ำ,สะอาดสดชื่น ตื่นเต็มที่,6220422106,,8,30,08.00-09.00,หนาว,สดชื่น,3,
08.50,ขับรถไปทำงาน,เจอรถติดกับรถขับไม่มีมารยาท,ถึงที่บ้านไวเพราะไม่ต้องรอรถสาธารณะ ไม่เสียเวลา,6220422106,,8,50,08.00-09.00,รถติด-ต้องขับรถ,ฟิน,4,
09.10,ถึงที่ทำงาน เริ่มทำงาน,ถึงที่ทำงานสาย,ได้เจอได้คุยกับเพื่อนที่ทำงาน,6220422106,,9,10,09.00-10.00,ความลำคาญ,ฟิน,5,
10.30,พักเบรค กินแซนวิช,ไม่อิ่ม,ได้พัก 10 นาที,6220422106,,10,30,10.00-11.00,แพง,พักผ่อน,6,
12.00,กินอาหารกลางวัน,ไม่รู้จะกินอะไรดี,พักจากการทำงาน อิ่ม,6220422106,,12,0,12.00-13.00,ความลำคาญ,ฟิน,7,
13.00,เข้างานช่วงบ่าย,อยากพักต่อ,ทำงานที่ค้างอยู่ให้เสร็จ,6220422106,,13,0,13.00-14.00,ง่วง,ฟิน,8,
17.50,เตรียมตัวกลับบ้าน,,ดีใจจะได้กลับบ้าน,6220422106,,17,50,17.00-18.00,ไม่ระบุ,พักผ่อน,9,
17.55,หัวหน้าเรียกประชุม,ไม่เข้าใจ เบื่อทำไมนัดประชุมก่อนเลิกงาน 5นาที ควรนัดในเวลางาน,ได้งานเพิ่มและรู้รายละเอียดปัญหาแต่ละทีมที่ทำงาน,6220422106,,17,55,17.00-18.00,ความลำคาญ,ฟิน,10,
18.30,เตรียมตัวกลับบ้าน,,ดีใจได้กลับบ้านซักที,6220422106,,18,30,18.00-19.00,ไม่ระบุ,พักผ่อน,11,
18.40,ขับรถกลับบ้าน,เจอรถติดกับรถขับไม่มีมารยาท,ถึงที่บ้านไวเพราะไม่ต้องรอรถสาธารณะ ไม่เสียเวลา,6220422106,,18,40,18.00-19.00,รถติด-ต้องขับรถ,ฟิน,12,
19.30,ถึงบ้าน,,ได้พักผ่อน,6220422106,,19,30,19.00-20.00,ไม่ระบุ,พักผ่อน,13,
20.00,กินอาหารเย็น,อยากสั่งไลน์แมน แม่ไม่ให้สั่งมีกับข้าวแล้ว,อิ่ม ไม่เสียเงิน,6220422106,,20,0,20.00-21.00,ความลำคาญ,ฟิน,14,
21.00,นอนเล่นมือถือ,เสียเวลา,เช็คงาน เช็คไลน์ เล่นเกม,6220422106,,21,0,21.00-22.00,ความลำคาญ,พักผ่อน,15,
22.30,อาบน้ำ,หนาว,สะอาดสดชื่น ตื่นเต็มที่,6220422106,,22,30,22.00-23.00,หนาว,สดชื่น,16,
23.00,ทาครีม,ทาครีมเยอะแต่ยังไม่เห็นผล,ได้ทาครีมบำรุงไว้เผื่อซักวันจะผิวดีขึ้น,6220422106,,23,0,23.00-24.00,ความลำคาญ,ออกกำลังกาย,17,
23.15,เข้า youtube หาอะไรเรียนเพิ่ม,เริ่มง่วงนอน ขี้เกียจ,ได้ความรู้เพิ่มเติม,6220422106,,23,15,23.00-24.00,ง่วง,ฟิน,18,
11.45,ดูทีวี,เสียเวลา ไม่ได้เรียนให้จบ,ได้ผ่อนคลาย,6220422106,,11,45,11.00-12.00,ความลำคาญ,พักผ่อน,19,
00.30,เข้า youtube หาอะไรเรียนเพิ่ม,จำที่เรียนมาไม่ได้ ไปย้อนดูใหม่,ได้เรียนต่อจากที่ค้างไว้,6220422106,,0,30,00.00-01.00,ความลำคาญ,ฟิน,20,
13.30,เข้านอน,เสียเวลา ไม่ได้เรียนให้จบ,ได้พักผ่อน,6220422106,,13,30,13.00-14.00,ความลำคาญ,พักผ่อน,21,1.0
5.45,Wake up to snooze the clock,still dark and feel not ready to get up,keep sleeping,6310422091,,5,45,05.00-06.00,ความลำคาญ,ฟิน,1,
05.54,"Wake up to snooze the clock, second time","still dark and feel not ready to get up, second time",laying on my bed,6310422091,,5,54,05.00-06.00,ความลำคาญ,พักผ่อน,2,
06.03,Get shower and get dress,,Fresh and Hygenity ,6310422091,,6,3,06.00-07.00,ไม่ระบุ,สดชื่น,3,
07.00,Laundry,Do not want to categorize white and color clothes,Hygenity,6310422091,,7,0,07.00-08.00,ความลำคาญ,สดชื่น,4,
08.30,Dry clothes,Get sweating,To finish task,6310422091,,8,30,08.00-09.00,ความลำคาญ,ฟิน,5,
08.50,Have a tuna sandwich,,Get full stomuch,6310422091,,8,50,08.00-09.00,ไม่ระบุ,ฟิน,6,
09.00,Take online class,Headache,Get knowledge,6310422091,,9,0,09.00-10.00,ความลำคาญ,เรียนรู้สิ่งใหม่,7,
10.10,Answer wrong quiz,cannot follow the lesson,,6310422091,,10,10,10.00-11.00,ความลำคาญ,ไม่ระบุ,8,
12.00,Do homework,,Skill development,6310422091,,12,0,12.00-13.00,ไม่ระบุ,เรียนรู้สิ่งใหม่,9,
12.30,Have lunch at baan somtum,waiting queue so long,update status by posting ig stories,6310422091,,12,30,12.00-13.00,ความลำคาญ,ฟิน,10,
14.00,Try coffee at Horme café,,update status by posting ig stories,6310422091,,14,0,14.00-15.00,ไม่ระบุ,ฟิน,11,
14.10,Online horoscope,Get shock and stress from the prophecy,talk to friend,6310422091,,14,10,14.00-15.00,ความลำคาญ,ฟิน,12,
17.00,Suanluang Park,Frustrate from overcrowded,,6310422091,,17,0,17.00-18.00,ความลำคาญ,ไม่ระบุ,13,
17.30,Go to Decathlon,,Little exercise from equipment testing,6310422091,,17,30,17.00-18.00,ไม่ระบุ,ออกกำลังกาย,14,
18.10,Have dinner at Nice Two Meet You,smelly hands and hair,Fullfill my need,6310422091,,18,10,18.00-19.00,ความลำคาญ,ฟิน,15,
20.00,Wait bus to come back,waiting bus with many strangers,save cost,6310422091,,20,0,20.00-21.00,ความลำคาญ,ฟิน,16,
21.00,"Watch ""The Wall Song"" tv programme",eyestrain,fun and entertainment,6310422091,,21,0,21.00-22.00,ความลำคาญ,ฟิน,17,
22.30,Line voice call with close friend,,feel relax,6310422091,,22,30,22.00-23.00,ไม่ระบุ,พักผ่อน,18,
23.00,Go to bed,,"Get rest, boost energy",6310422091,,23,0,23.00-24.00,ไม่ระบุ,ออกกำลังกาย,19,1.0
06.30,ตื่นนอน,"ลุกไม่ขึ้น,ไม่อยากตื่น",ได้เห็นแสงแดดยามเช้า,6310422092,,6,30,06.00-07.00,ความลำคาญ,ฟิน,1,
06.45,อาบน้ำ แต่งตัว,หนาว,"สะอาด,สดชื่น",6310422092,,6,45,06.00-07.00,หนาว,สดชื่น,2,
07.15,รดน้ำต้นไม้,,"สงบ,ได้สมาธิ",6310422092,,7,15,07.00-08.00,ไม่ระบุ,ฟิน,3,
07.30,กินข้าวเช้า,เร่งรีบ,"มีแรง,อร่อย",6310422092,,7,30,07.00-08.00,ความลำคาญ,ฟิน,4,
08.00,Morning talk online with team,น่าเบื่อ,,6310422092,,8,0,08.00-09.00,รถติด-ต้องขับรถ,ไม่ระบุ,5,
08.30,ชงกาแฟ,,"ได้กลิ่นหอม, รู้สึกตื่นตัว",6310422092,,8,30,08.00-09.00,ไม่ระบุ,สดชื่น,6,
08.35,Check Email,,ติดตามปัญหา,6310422092,,8,35,08.00-09.00,ไม่ระบุ,ฟิน,7,
09.00,ทำงานประจำ monitor daily report,,ติดตามปัญหา,6310422092,,9,0,09.00-10.00,ไม่ระบุ,ฟิน,8,
10.00,ทำงานประจำ Generate report,,มีงานส่ง,6310422092,,10,0,10.00-11.00,ไม่ระบุ,ฟิน,9,
12.00,กินข้าวเที่ยง,ง่วง,"อร่อย,สนุกกับการเลือกอาหาร",6310422092,,12,0,12.00-13.00,ง่วง,ฟิน,10,
12.40,นอนกลางวัน,,ได้พักผ่อน,6310422092,,12,40,12.00-13.00,ไม่ระบุ,พักผ่อน,11,
13.00,ชงกาแฟ,,หายง่วง,6310422092,,13,0,13.00-14.00,ไม่ระบุ,ฟิน,12,
13.30,Daily meeting with other team,"ใช้เวลานาน,หลงประเด็น",,6310422092,,13,30,13.00-14.00,ความลำคาญ,ไม่ระบุ,13,
15.30,ทำงานประจำ Generate report,,มีงานส่ง,6310422092,,15,30,15.00-16.00,ไม่ระบุ,ฟิน,14,
16.45,meeting with team,,,6310422092,,16,45,16.00-17.00,ไม่ระบุ,ไม่ระบุ,15,
17.00,รดน้ำต้นไม้,,"สงบ,ได้สมาธิ",6310422092,,17,0,17.00-18.00,ไม่ระบุ,ฟิน,16,
17.30,ล้างจาน,,สงบ,6310422092,,17,30,17.00-18.00,ไม่ระบุ,พักผ่อน,17,
18.00,เล่นเกมส์,,"ได้หัวเราะ,มีเวลากับครอบครัว",6310422092,,18,0,18.00-19.00,ไม่ระบุ,ฟิน,18,
18.30,อาบน้ำ,,สะอาด,6310422092,,18,30,18.00-19.00,ไม่ระบุ,สดชื่น,19,
19.00,สวดมนต์,,สงบ,6310422092,,19,0,19.00-20.00,ไม่ระบุ,พักผ่อน,20,
19.30,กินข้าวเย็น,,"อร่อย,สนุกกับการเลือกอาหาร",6310422092,,19,30,19.00-20.00,ไม่ระบุ,ฟิน,21,
20.00,"เล่น Social,อ่านบทความ",,ได้ความรู้,6310422092,,20,0,20.00-21.00,ไม่ระบุ,เรียนรู้สิ่งใหม่,22,
20.30,ดูหนัง,เสียเวลาหาหนังสนุก ๆ,"ได้หัวเราะ,มีเวลากับครอบครัว",6310422092,,20,30,20.00-21.00,ความลำคาญ,ฟิน,23,
22.00,ทำการบ้าน,ง่วง,,6310422092,,22,0,22.00-23.00,ง่วง,ไม่ระบุ,24,
23.59,เข้านอน,,ได้พักผ่อน,6310422092,,23,59,23.00-24.00,ไม่ระบุ,พักผ่อน,25,1.0
07.30,ตื่นนอน,ไม่อยากลุก,,6220422030,,7,30,07.00-08.00,ความลำคาญ,ไม่ระบุ,1,
07.45,อาบน้ำแต่งตัว,,,6220422030,,7,45,07.00-08.00,ไม่ระบุ,ไม่ระบุ,2,
08.00,ออกไปทำงาน,,ใช้รถยนต์ส่วนตัว ไม่ต้องไปเบียดแย่งใช้รถไฟฟ้า,6220422030,,8,0,08.00-09.00,ไม่ระบุ,ฟิน,3,
09.00,ถึงที่ทำงาน,ถ้ารถติดก็ถึงช้ากว่าปกติ,ถ้ารถไม่ติด มีเวลาซื้อของกินก่อนทำงาน,6220422030,,9,0,09.00-10.00,รถติด-ต้องขับรถ,ฟิน,4,
09.30,ทำงาน,ระบบล่มจะยุ่งหนักมาก,,6220422030,,9,30,09.00-10.00,เหนื่อย,ไม่ระบุ,5,
11.40,สั่งข้าวกลางวัน,ค่าส่งแพง,ไม่ต้องเดินตากแดดลงไปกิน,6220422030,,11,40,11.00-12.00,แพง,ฟิน,6,
12.10,ลงไปซื้อกาแฟ,บางวันถ้าไม่กิน ตอนบ่ายจะง่วง,,6220422030,,12,10,12.00-13.00,ความลำคาญ,ไม่ระบุ,7,
13.00,ทำงาน,,,6220422030,,13,0,13.00-14.00,ไม่ระบุ,ไม่ระบุ,8,
17.00,ประชุมสรุปเคสประจำวัน,เคสเยอะ ลากยาว ,รู้แผน ที่จะทำในวันถัดไป,6220422030,,17,0,17.00-18.00,ความลำคาญ,ฟิน,9,
18.00,ออกจากที่ทำงาน,,,6220422030,,18,0,18.00-19.00,ไม่ระบุ,ไม่ระบุ,10,
18.30,ไปกินข้าวที่ สวนหลวงสแควร์กับเพื่อน,ร้านเหลือน้อย เพราะปิดโควิด,คนไม่เยอะ รถไม่ติด,6220422030,,18,30,18.00-19.00,ความลำคาญ,ฟิน,11,
19.30,กินของหวานต่อ,อ้วน,,6220422030,,19,30,19.00-20.00,หิว-กลัวอ้วน,ไม่ระบุ,12,
20.30,ขับรถกลับบ้าน,,รถไม่ติด ขับสบาย,6220422030,,20,30,20.00-21.00,ไม่ระบุ,ฟิน,13,
21.15,ถึงบ้าน,,,6220422030,,21,15,21.00-22.00,ไม่ระบุ,ไม่ระบุ,14,
21.20,อาบน้ำ,ต้องอาบ เพราะกลัวเชื้อโรค,,6220422030,,21,20,21.00-22.00,หนาว,ไม่ระบุ,15,
22.00,นอนเล่นโทรศัพท์ ดูทีวี,อ่านข่าวการเมืองแล้วปวดหัว,ดูnetflix สนุก,6220422030,,22,0,22.00-23.00,ความลำคาญ,พักผ่อน,16,
00.30,นอน,,,6220422030,,0,30,00.00-01.00,ไม่ระบุ,ไม่ระบุ,17,1.0
6.25,ตื่นนอน,นอนไม่เต็มอิ่ม ไม่ครบ 8 ชั่วโมง,ได้เวลาในวันเพิ่มมากขึ้น,6220422109,am,6,25,06.00-07.00,ความลำคาญ,ทำการบ้าน,1,
6.30,ปั่นจักรยาน,ปวดขา,ได้ออกกำลังกาย มีสุขภาพที่ดี,6220422109,am,6,30,06.00-07.00,ความลำคาญ,ออกกำลังกาย,2,
7.30,ทานอาหารเช้า,,อาหารเช้าเป็นสิ่งที่ดีต่อสุขภาพ,6220422109,am,7,30,07.00-08.00,ไม่ระบุ,ออกกำลังกาย,3,
7.20,ลดน้ำต้นไม้ ดูแลสวนในบ้าน,ใบไม้ร่วง มีแมลง,ความร่มรื่น ความผ่อนคลาย,6220422109,am,7,20,07.00-08.00,ความลำคาญ,พักผ่อน,4,
8.30,Update ข่าว บน Social ผ่าน Facebook,มือถือแบตหมด,ทันข่าวสาร,6220422109,am,8,30,08.00-09.00,ความลำคาญ,ฟิน,5,
9.00,อาบน้ำ ฟังเพลง,โทรศัพท์เข้าไปในห้องน้ำ เสี่ยงต่อความชื้น,สดชื่น สะอาด,6220422109,am,9,0,09.00-10.00,หนาว,สดชื่น,6,
9.30,ออกไปร้านกาแฟ และอ่านหนังสือในร้านกาแฟ,เสียเวลาในการเดินทาง,ได้บรรยากาศที่ดี,6220422109,am,9,30,09.00-10.00,ความลำคาญ,สดชื่น,7,
11.00,ไปห้างสรรพสินค้า,เสียเวลาในการเดินทางและการหาที่จอดรถ,มีสินค้าให้เลือกเยอะ,6220422109,am,11,0,11.00-12.00,ความลำคาญ,ฟิน,8,
11.30,ทานอาหารเที่ยงในห้างสรรพสินค้า,รอคิวนาน รออาหารนาน,เปลี่ยนบรรยากาศ,6220422109,am,11,30,11.00-12.00,ความลำคาญ,สดชื่น,9,
12.30,Shopping ซื้อของแต่งบ้าน,ใช้เวลาเลือกซื้อสินค้านาน,ซื้อสินค้าที่อยากได้ทันที,6220422109,pm,12,30,12.00-13.00,ความลำคาญ,ฟิน,10,
14.30,นัดเจอเพื่อนที่ร้าน ขนมหวาน,ทานเยอะ น้ำหนักขึ้น,ได้พูดคุยกับเพื่อน,6220422109,pm,14,30,14.00-15.00,ความลำคาญ,ฟิน,11,
16.00,เดินทางกลับบ้านและแวะเติมน้ำมัน ระหว่างทานกลับบ้าน,,,6220422109,pm,16,0,16.00-17.00,ไม่ระบุ,ไม่ระบุ,12,
16.30,แวะตลาดเพื่อซื้อของ กลับไปทานอาหารที่บ้าน,ต้องซื้อวัตถุดิบหลายอย่าง,ซื้อของที่สด สะอาด ,6220422109,pm,16,30,16.00-17.00,ความลำคาญ,สดชื่น,13,
17.30,ทำอาหารที่บ้านพร้อมครอบครัว,เสียเวลาในการเตรียมอาหาร,ได้ใช้เวลาร่วมกันกับครอบครัว ,6220422109,pm,17,30,17.00-18.00,ความลำคาญ,ฟิน,14,
18.30,รับประทานอาหารที่บ้าน,อาหารเหลือ ล้างจานเยอะ ,อาหารอร่อยถูกปาก กินอิ่ม,6220422109,pm,18,30,18.00-19.00,ความลำคาญ,ฟิน,15,
19.30,ว่ายน้ำ,เหนื่อย ใช้แรงเยอะ,ได้ออกกำลังกาย ลดน้ำหนัก,6220422109,pm,19,30,19.00-20.00,ความลำคาญ,ออกกำลังกาย,16,
20.30,อาบน้ำ,หนาว ทำให้ผิวแห้ง,สดชื่น สะอาด,6220422109,pm,20,30,20.00-21.00,หนาว,สดชื่น,17,
20.40,เล่น Social IG FB,มือถือแบตหมด,ได้ความเพลิดเพลิน,6220422109,pm,20,40,20.00-21.00,ความลำคาญ,ฟิน,18,
21.30,ดู Netflix ,ติดซีรีย์ ใช้เวลาเยอะ,ดูหนังหลากหลายที่บ้าน ,6220422109,pm,21,30,21.00-22.00,ความลำคาญ,พักผ่อน,19,
00.00,เข้านอน,,,6220422109,am,0,0,00.00-01.00,ไม่ระบุ,ไม่ระบุ,20,1.0
