Timestamp,คุณมีความสนใจในสิ่งเหล่านี้มากน้อยเพียงใด [อาหารญี่ปุ่น],คุณมีความสนใจในสิ่งเหล่านี้มากน้อยเพียงใด [อาหารจึน],คุณมีความสนใจในสิ่งเหล่านี้มากน้อยเพียงใด [อาหารไทย],คุณมีความสนใจในสิ่งเหล่านี้มากน้อยเพียงใด [อาหารอีสาน],คุณมีความสนใจในสิ่งเหล่านี้มากน้อยเพียงใด [อาหารสุขภาพ],คุณมีความสนใจในสิ่งเหล่านี้มากน้อยเพียงใด [บุฟเฟต์],คุณมีความสนใจในสิ่งเหล่านี้มากน้อยเพียงใด [ชาบูชาบู],คุณมีความสนใจในสิ่งเหล่านี้มากน้อยเพียงใด [ปิ้งย่าง],คุณมีความสนใจในสิ่งเหล่านี้มากน้อยเพียงใด [เหล้าเบียร์],คุณมีความสนใจในสิ่งเหล่านี้มากน้อยเพียงใด [เสื้อผ้าแฟชั่น],คุณมีความสนใจในสิ่งเหล่านี้มากน้อยเพียงใด [แต่งหน้า],คุณมีความสนใจในสิ่งเหล่านี้มากน้อยเพียงใด [skincare บำรุงผิว],คุณมีความสนใจในสิ่งเหล่านี้มากน้อยเพียงใด [การออกกำลังกาย],คุณมีความสนใจในสิ่งเหล่านี้มากน้อยเพียงใด [การเล่นเกมส์],คุณมีความสนใจในสิ่งเหล่านี้มากน้อยเพียงใด [การท่องเที่ยว],คุณมีความสนใจในสิ่งเหล่านี้มากน้อยเพียงใด [การอ่านหนังสือ],คุณมีความสนใจในสิ่งเหล่านี้มากน้อยเพียงใด [การอ่านบทความ Online],คุณมีความสนใจในสิ่งเหล่านี้มากน้อยเพียงใด [การเรียน e-learning],คุณมีความสนใจในสิ่งเหล่านี้มากน้อยเพียงใด [ดู Series],คุณมีความสนใจในสิ่งเหล่านี้มากน้อยเพียงใด [ดูหนัง],คุณมีความสนใจในสิ่งเหล่านี้มากน้อยเพียงใด [ดู Youtube],คุณมีความสนใจในสิ่งเหล่านี้มากน้อยเพียงใด [ดู Netflix],คุณมีความสนใจในสิ่งเหล่านี้มากน้อยเพียงใด [Content ด้านบันเทิง],คุณมีความสนใจในสิ่งเหล่านี้มากน้อยเพียงใด [Content เกี่่ยวกับเกมส์],คุณมีความสนใจในสิ่งเหล่านี้มากน้อยเพียงใด [Content เกี่ยวกับการ review ร้านอาหาร],คุณมีความสนใจในสิ่งเหล่านี้มากน้อยเพียงใด [Content เกี่ยวกับการท่องเที่ยว],คุณมีความสนใจในสิ่งเหล่านี้มากน้อยเพียงใด [Content เกี่ยวกับการแต่งบ้าน],คุณมีความสนใจในสิ่งเหล่านี้มากน้อยเพียงใด [Content เกี่ยวกับการโทรทัศน์],คุณมีความสนใจในสิ่งเหล่านี้มากน้อยเพียงใด [Content เกี่ยวกับละคร],คุณมีความสนใจในสิ่งเหล่านี้มากน้อยเพียงใด [Content เกี่ยวกับการเมือง],คุณบริโภคสิ่งเหล่านี้บ่อยขนาดไหน [อาหารญี่ปุ่น],คุณบริโภคสิ่งเหล่านี้บ่อยขนาดไหน [อาหารจึน],คุณบริโภคสิ่งเหล่านี้บ่อยขนาดไหน [อาหารไทย],คุณบริโภคสิ่งเหล่านี้บ่อยขนาดไหน [อาหารอีสาน],คุณบริโภคสิ่งเหล่านี้บ่อยขนาดไหน [อาหารสุขภาพ],คุณบริโภคสิ่งเหล่านี้บ่อยขนาดไหน [บุฟเฟต์],คุณบริโภคสิ่งเหล่านี้บ่อยขนาดไหน [ชาบูชาบู],คุณบริโภคสิ่งเหล่านี้บ่อยขนาดไหน [ปิ้งย่าง],คุณบริโภคสิ่งเหล่านี้บ่อยขนาดไหน [เหล้าเบียร์],คุณบริโภคสิ่งเหล่านี้บ่อยขนาดไหน [เสื้อผ้าแฟชั่น],คุณบริโภคสิ่งเหล่านี้บ่อยขนาดไหน [แต่งหน้า],คุณบริโภคสิ่งเหล่านี้บ่อยขนาดไหน [skincare บำรุงผิว],คุณบริโภคสิ่งเหล่านี้บ่อยขนาดไหน [การออกกำลังกาย],คุณบริโภคสิ่งเหล่านี้บ่อยขนาดไหน [การเล่นเกมส์],คุณบริโภคสิ่งเหล่านี้บ่อยขนาดไหน [การท่องเที่ยว],คุณบริโภคสิ่งเหล่านี้บ่อยขนาดไหน [การอ่านหนังสือ],คุณบริโภคสิ่งเหล่านี้บ่อยขนาดไหน [การอ่านบทความ Online],คุณบริโภคสิ่งเหล่านี้บ่อยขนาดไหน [การเรียน e-learning],คุณบริโภคสิ่งเหล่านี้บ่อยขนาดไหน [ดู Series],คุณบริโภคสิ่งเหล่านี้บ่อยขนาดไหน [ดูหนัง],คุณบริโภคสิ่งเหล่านี้บ่อยขนาดไหน [ดู Youtube],คุณบริโภคสิ่งเหล่านี้บ่อยขนาดไหน [ดู Netflix],คุณบริโภคสิ่งเหล่านี้บ่อยขนาดไหน [Content ด้านบันเทิง],คุณบริโภคสิ่งเหล่านี้บ่อยขนาดไหน [Content เกี่่ยวกับเกมส์],คุณบริโภคสิ่งเหล่านี้บ่อยขนาดไหน [Content เกี่ยวกับการ review ร้านอาหาร],คุณบริโภคสิ่งเหล่านี้บ่อยขนาดไหน [Content เกี่ยวกับการท่องเที่ยว],คุณบริโภคสิ่งเหล่านี้บ่อยขนาดไหน [Content เกี่ยวกับการแต่งบ้าน],คุณบริโภคสิ่งเหล่านี้บ่อยขนาดไหน [Content เกี่ยวกับการโทรทัศน์],คุณบริโภคสิ่งเหล่านี้บ่อยขนาดไหน [Content เกี่ยวกับละคร],คุณบริโภคสิ่งเหล่านี้บ่อยขนาดไหน [Content เกี่ยวกับการเมือง],นอกเหนือจากรายการดังกล่าวแล้ว คุณมีความสนใจในเรื่องใดอีกบ้าง,คุณเกิดวันที่เท่าไหร่,เพศ
1-9-2021 10:07:27,สนใจ,สนใจ,สนใจอย่างมากที่สุด,สนใจอย่างมาก,สนใจ,สนใจ,สนใจ,สนใจ,สนใจอย่างมากที่สุด,เฉยๆ,ไม่สนใจ,สนใจ,สนใจอย่างมาก,สนใจอย่างมาก,เฉยๆ,สนใจ,สนใจ,สนใจอย่างมากที่สุด,สนใจอย่างมาก,สนใจอย่างมาก,สนใจ,สนใจอย่างมากที่สุด,สนใจ,สนใจอย่างมาก,สนใจอย่างมาก,เฉยๆ,เฉยๆ,เฉยๆ,เฉยๆ,สนใจอย่างมากที่สุด,เดือนละ 2-3 ครั้ง,หลายเดือนครั้ง,แทบทุกวัน,อาทิตย์ละครั้ง,แทบทุกวัน,เดือนละ 2-3 ครั้ง,เดือนละ 2-3 ครั้ง,เดือนละครั้ง,อาทิตย์ละครั้ง,หลายเดือนครั้ง,หลายเดือนครั้ง,แทบทุกวัน,แทบทุกวัน,อาทิตย์ละครั้ง,เดือนละ 2-3 ครั้ง,เดือนละ 2-3 ครั้ง,เดือนละ 2-3 ครั้ง,เดือนละ 2-3 ครั้ง,เดือนละ 2-3 ครั้ง,อาทิตย์ละครั้ง,อาทิตย์ละครั้ง,อาทิตย์ละครั้ง,หลายเดือนครั้ง,เดือนละครั้ง,เดือนละ 2-3 ครั้ง,เดือนละ 2-3 ครั้ง,เดือนละ 2-3 ครั้ง,เดือนละ 2-3 ครั้ง,เดือนละ 2-3 ครั้ง,แทบทุกวัน,"กีฬา UFC, Soccer",19-09-88,ชาย
1-9-2021 10:07:34,สนใจอย่างมาก,เฉยๆ,สนใจอย่างมากที่สุด,สนใจอย่างมาก,สนใจ,สนใจอย่างมาก,สนใจอย่างมากที่สุด,สนใจอย่างมาก,ไม่สนใจ,เฉยๆ,เฉยๆ,เฉยๆ,สนใจอย่างมาก,สนใจอย่างมาก,สนใจอย่างมากที่สุด,สนใจอย่างมากที่สุด,สนใจอย่างมากที่สุด,สนใจอย่างมากที่สุด,เฉยๆ,สนใจอย่างมากที่สุด,สนใจอย่างมากที่สุด,สนใจอย่างมาก,เฉยๆ,เฉยๆ,สนใจอย่างมาก,สนใจอย่างมากที่สุด,สนใจอย่างมากที่สุด,เฉยๆ,ไม่สนใจ,สนใจ,อาทิตย์ละครั้ง,หลายเดือนครั้ง,แทบทุกวัน,อาทิตย์ละครั้ง,อาทิตย์ละครั้ง,เดือนละ 2-3 ครั้ง,เดือนละ 2-3 ครั้ง,เดือนละ 2-3 ครั้ง,แทบไม่ได้บริโภคเลย,เดือนละครั้ง,แทบไม่ได้บริโภคเลย,เดือนละครั้ง,แทบทุกวัน,แทบทุกวัน,เดือนละครั้ง,แทบทุกวัน,แทบทุกวัน,อาทิตย์ละครั้ง,หลายเดือนครั้ง,อาทิตย์ละครั้ง,แทบทุกวัน,เดือนละ 2-3 ครั้ง,เดือนละครั้ง,เดือนละ 2-3 ครั้ง,แทบทุกวัน,แทบทุกวัน,อาทิตย์ละครั้ง,หลายเดือนครั้ง,หลายเดือนครั้ง,อาทิตย์ละครั้ง,กีฬา สัตว์เลี้ยง เทคโนโลยี,10-08-36,หญิง
1-9-2021 10:07:36,สนใจอย่างมากที่สุด,เฉยๆ,สนใจอย่างมาก,สนใจ,เฉยๆ,สนใจอย่างมากที่สุด,สนใจอย่างมากที่สุด,สนใจอย่างมากที่สุด,ไม่สนใจอย่างมาก,เฉยๆ,ไม่สนใจอย่างมากที่สุด,ไม่สนใจอย่างมาก,สนใจ,สนใจอย่างมากที่สุด,สนใจอย่างมากที่สุด,สนใจอย่างมากที่สุด,สนใจอย่างมากที่สุด,เฉยๆ,สนใจอย่างมากที่สุด,สนใจอย่างมากที่สุด,สนใจอย่างมากที่สุด,สนใจอย่างมากที่สุด,สนใจอย่างมากที่สุด,สนใจอย่างมากที่สุด,สนใจอย่างมากที่สุด,สนใจอย่างมากที่สุด,สนใจอย่างมากที่สุด,สนใจอย่างมาก,ไม่สนใจ,สนใจอย่างมากที่สุด,อาทิตย์ละครั้ง,หลายเดือนครั้ง,แทบทุกวัน,หลายเดือนครั้ง,หลายเดือนครั้ง,เดือนละครั้ง,เดือนละครั้ง,เดือนละครั้ง,แทบไม่ได้บริโภคเลย,แทบไม่ได้บริโภคเลย,แทบไม่ได้บริโภคเลย,แทบไม่ได้บริโภคเลย,หลายเดือนครั้ง,อาทิตย์ละครั้ง,หลายเดือนครั้ง,แทบทุกวัน,เดือนละ 2-3 ครั้ง,เดือนละ 2-3 ครั้ง,แทบทุกวัน,แทบทุกวัน,แทบทุกวัน,แทบทุกวัน,แทบทุกวัน,แทบทุกวัน,แทบทุกวัน,เดือนละ 2-3 ครั้ง,เดือนละ 2-3 ครั้ง,เดือนละ 2-3 ครั้ง,หลายเดือนครั้ง,แทบทุกวัน,-,07-11-93,ชาย
1-9-2021 10:07:36,สนใจ,เฉยๆ,เฉยๆ,เฉยๆ,สนใจ,สนใจ,สนใจ,สนใจ,ไม่สนใจอย่างมากที่สุด,ไม่สนใจอย่างมากที่สุด,ไม่สนใจอย่างมากที่สุด,สนใจอย่างมากที่สุด,สนใจอย่างมาก,สนใจอย่างมากที่สุด,สนใจอย่างมากที่สุด,สนใจ,สนใจ,สนใจอย่างมาก,สนใจอย่างมากที่สุด,สนใจอย่างมากที่สุด,สนใจอย่างมากที่สุด,สนใจอย่างมากที่สุด,ไม่สนใจอย่างมากที่สุด,สนใจอย่างมากที่สุด,เฉยๆ,สนใจ,เฉยๆ,ไม่สนใจ,ไม่สนใจอย่างมากที่สุด,สนใจอย่างมาก,เดือนละครั้ง,แทบไม่ได้บริโภคเลย,แทบทุกวัน,เดือนละ 2-3 ครั้ง,แทบไม่ได้บริโภคเลย,เดือนละครั้ง,เดือนละครั้ง,เดือนละครั้ง,แทบไม่ได้บริโภคเลย,แทบไม่ได้บริโภคเลย,แทบไม่ได้บริโภคเลย,แทบทุกวัน,เดือนละครั้ง,เดือนละ 2-3 ครั้ง,หลายเดือนครั้ง,เดือนละ 2-3 ครั้ง,เดือนละ 2-3 ครั้ง,เดือนละ 2-3 ครั้ง,อาทิตย์ละครั้ง,อาทิตย์ละครั้ง,อาทิตย์ละครั้ง,อาทิตย์ละครั้ง,แทบไม่ได้บริโภคเลย,แทบทุกวัน,เดือนละครั้ง,เดือนละครั้ง,แทบไม่ได้บริโภคเลย,แทบไม่ได้บริโภคเลย,แทบไม่ได้บริโภคเลย,เดือนละ 2-3 ครั้ง,"โหราศาสตร์,ดูดวง",14-04-94,ชาย
1-9-2021 10:07:42,สนใจอย่างมาก,สนใจ,สนใจ,สนใจ,สนใจอย่างมากที่สุด,เฉยๆ,เฉยๆ,เฉยๆ,เฉยๆ,เฉยๆ,สนใจ,สนใจอย่างมาก,สนใจอย่างมากที่สุด,ไม่สนใจ,สนใจ,สนใจอย่างมาก,สนใจ,สนใจ,สนใจอย่างมากที่สุด,สนใจอย่างมากที่สุด,เฉยๆ,สนใจอย่างมากที่สุด,เฉยๆ,ไม่สนใจ,เฉยๆ,สนใจ,สนใจ,ไม่สนใจ,ไม่สนใจ,เฉยๆ,เดือนละ 2-3 ครั้ง,เดือนละครั้ง,อาทิตย์ละครั้ง,อาทิตย์ละครั้ง,แทบทุกวัน,หลายเดือนครั้ง,หลายเดือนครั้ง,หลายเดือนครั้ง,เดือนละครั้ง,เดือนละครั้ง,แทบทุกวัน,แทบทุกวัน,แทบทุกวัน,แทบไม่ได้บริโภคเลย,หลายเดือนครั้ง,เดือนละ 2-3 ครั้ง,อาทิตย์ละครั้ง,เดือนละ 2-3 ครั้ง,อาทิตย์ละครั้ง,อาทิตย์ละครั้ง,เดือนละ 2-3 ครั้ง,อาทิตย์ละครั้ง,เดือนละครั้ง,แทบไม่ได้บริโภคเลย,เดือนละครั้ง,เดือนละ 2-3 ครั้ง,เดือนละครั้ง,แทบไม่ได้บริโภคเลย,แทบไม่ได้บริโภคเลย,เดือนละ 2-3 ครั้ง,สัตว์เลี้ยง,19-04-95,หญิง
1-9-2021 10:07:42,สนใจอย่างมากที่สุด,สนใจอย่างมากที่สุด,สนใจอย่างมากที่สุด,สนใจ,เฉยๆ,สนใจอย่างมากที่สุด,สนใจอย่างมากที่สุด,สนใจอย่างมากที่สุด,สนใจอย่างมากที่สุด,ไม่สนใจ,ไม่สนใจ,ไม่สนใจ,เฉยๆ,สนใจ,สนใจอย่างมากที่สุด,ไม่สนใจอย่างมากที่สุด,ไม่สนใจอย่างมากที่สุด,สนใจอย่างมากที่สุด,สนใจอย่างมากที่สุด,สนใจอย่างมากที่สุด,สนใจอย่างมากที่สุด,สนใจอย่างมากที่สุด,สนใจอย่างมากที่สุด,สนใจอย่างมากที่สุด,สนใจอย่างมากที่สุด,สนใจอย่างมากที่สุด,สนใจอย่างมากที่สุด,สนใจอย่างมากที่สุด,สนใจอย่างมากที่สุด,สนใจอย่างมากที่สุด,เดือนละครั้ง,เดือนละครั้ง,แทบทุกวัน,เดือนละ 2-3 ครั้ง,แทบไม่ได้บริโภคเลย,เดือนละครั้ง,เดือนละครั้ง,เดือนละครั้ง,หลายเดือนครั้ง,แทบไม่ได้บริโภคเลย,แทบไม่ได้บริโภคเลย,แทบไม่ได้บริโภคเลย,แทบไม่ได้บริโภคเลย,หลายเดือนครั้ง,หลายเดือนครั้ง,แทบไม่ได้บริโภคเลย,เดือนละครั้ง,แทบทุกวัน,เดือนละ 2-3 ครั้ง,เดือนละ 2-3 ครั้ง,แทบทุกวัน,เดือนละ 2-3 ครั้ง,แทบทุกวัน,หลายเดือนครั้ง,เดือนละครั้ง,เดือนละครั้ง,เดือนละครั้ง,เดือนละครั้ง,เดือนละครั้ง,แทบทุกวัน,ด้านการออมเงินวางแผนการใช้เงิน,25-04-93,ชาย
1-9-2021 10:07:53,สนใจอย่างมากที่สุด,สนใจ,สนใจอย่างมากที่สุด,สนใจอย่างมากที่สุด,สนใจ,เฉยๆ,สนใจ,สนใจ,เฉยๆ,สนใจอย่างมากที่สุด,สนใจอย่างมากที่สุด,สนใจอย่างมากที่สุด,สนใจ,ไม่สนใจ,สนใจอย่างมากที่สุด,สนใจอย่างมาก,สนใจอย่างมาก,สนใจอย่างมาก,สนใจอย่างมาก,สนใจอย่างมาก,สนใจอย่างมาก,สนใจอย่างมาก,สนใจอย่างมาก,ไม่สนใจอย่างมาก,สนใจอย่างมาก,สนใจอย่างมากที่สุด,สนใจ,สนใจ,สนใจอย่างมาก,สนใจอย่างมาก,อาทิตย์ละครั้ง,เดือนละครั้ง,แทบทุกวัน,แทบทุกวัน,เดือนละ 2-3 ครั้ง,เดือนละครั้ง,เดือนละครั้ง,เดือนละครั้ง,แทบไม่ได้บริโภคเลย,เดือนละ 2-3 ครั้ง,แทบทุกวัน,แทบทุกวัน,เดือนละ 2-3 ครั้ง,แทบไม่ได้บริโภคเลย,เดือนละครั้ง,อาทิตย์ละครั้ง,อาทิตย์ละครั้ง,อาทิตย์ละครั้ง,อาทิตย์ละครั้ง,อาทิตย์ละครั้ง,อาทิตย์ละครั้ง,อาทิตย์ละครั้ง,แทบทุกวัน,แทบไม่ได้บริโภคเลย,เดือนละ 2-3 ครั้ง,เดือนละ 2-3 ครั้ง,เดือนละ 2-3 ครั้ง,แทบทุกวัน,แทบทุกวัน,แทบทุกวัน,อุปกรณ์ไอที,17-05-92,หญิง
1-9-2021 10:08:05,สนใจอย่างมาก,ไม่สนใจ,สนใจอย่างมากที่สุด,สนใจอย่างมากที่สุด,สนใจ,สนใจอย่างมาก,สนใจอย่างมากที่สุด,สนใจ,สนใจอย่างมากที่สุด,สนใจ,ไม่สนใจอย่างมาก,ไม่สนใจ,สนใจ,เฉยๆ,สนใจอย่างมากที่สุด,สนใจอย่างมาก,สนใจอย่างมาก,สนใจ,สนใจอย่างมาก,สนใจอย่างมาก,สนใจ,สนใจอย่างมาก,เฉยๆ,ไม่สนใจ,เฉยๆ,สนใจอย่างมาก,สนใจอย่างมาก,เฉยๆ,ไม่สนใจ,สนใจอย่างมาก,อาทิตย์ละครั้ง,แทบไม่ได้บริโภคเลย,แทบทุกวัน,อาทิตย์ละครั้ง,เดือนละ 2-3 ครั้ง,อาทิตย์ละครั้ง,เดือนละครั้ง,หลายเดือนครั้ง,อาทิตย์ละครั้ง,เดือนละครั้ง,แทบไม่ได้บริโภคเลย,หลายเดือนครั้ง,เดือนละ 2-3 ครั้ง,เดือนละครั้ง,เดือนละครั้ง,เดือนละ 2-3 ครั้ง,แทบทุกวัน,หลายเดือนครั้ง,เดือนละครั้ง,เดือนละครั้ง,แทบทุกวัน,อาทิตย์ละครั้ง,หลายเดือนครั้ง,หลายเดือนครั้ง,อาทิตย์ละครั้ง,แทบทุกวัน,อาทิตย์ละครั้ง,แทบไม่ได้บริโภคเลย,แทบไม่ได้บริโภคเลย,แทบทุกวัน,"ฟุตบอล, ถ่ายภาพ, รถยนต์, ผู้หญิง",02-04-93,ชาย
1-9-2021 10:08:08,สนใจอย่างมากที่สุด,ไม่สนใจ,สนใจอย่างมาก,สนใจอย่างมาก,เฉยๆ,สนใจอย่างมาก,สนใจอย่างมาก,สนใจอย่างมาก,ไม่สนใจ,เฉยๆ,ไม่สนใจอย่างมากที่สุด,สนใจ,สนใจ,สนใจอย่างมากที่สุด,สนใจอย่างมาก,สนใจอย่างมาก,สนใจอย่างมาก,สนใจอย่างมาก,สนใจอย่างมากที่สุด,สนใจอย่างมากที่สุด,สนใจอย่างมากที่สุด,สนใจอย่างมากที่สุด,สนใจอย่างมากที่สุด,สนใจอย่างมากที่สุด,สนใจอย่างมากที่สุด,สนใจอย่างมาก,เฉยๆ,เฉยๆ,เฉยๆ,สนใจอย่างมาก,อาทิตย์ละครั้ง,แทบไม่ได้บริโภคเลย,แทบทุกวัน,อาทิตย์ละครั้ง,หลายเดือนครั้ง,เดือนละ 2-3 ครั้ง,เดือนละ 2-3 ครั้ง,เดือนละ 2-3 ครั้ง,แทบไม่ได้บริโภคเลย,เดือนละครั้ง,แทบไม่ได้บริโภคเลย,แทบทุกวัน,เดือนละครั้ง,แทบทุกวัน,เดือนละครั้ง,เดือนละ 2-3 ครั้ง,แทบทุกวัน,อาทิตย์ละครั้ง,เดือนละ 2-3 ครั้ง,เดือนละ 2-3 ครั้ง,แทบทุกวัน,เดือนละ 2-3 ครั้ง,อาทิตย์ละครั้ง,อาทิตย์ละครั้ง,อาทิตย์ละครั้ง,เดือนละครั้ง,เดือนละครั้ง,เดือนละครั้ง,เดือนละครั้ง,อาทิตย์ละครั้ง,"Technology, Gadget, Shopping, Business",29-12-93,ชาย
1-9-2021 10:08:10,สนใจ,เฉยๆ,สนใจอย่างมาก,เฉยๆ,สนใจ,สนใจ,สนใจ,สนใจ,สนใจอย่างมาก,สนใจ,สนใจ,สนใจ,สนใจอย่างมาก,สนใจ,สนใจ,สนใจ,สนใจ,สนใจอย่างมาก,สนใจ,สนใจอย่างมาก,สนใจอย่างมาก,สนใจ,สนใจ,สนใจ,สนใจ,สนใจ,สนใจ,สนใจ,สนใจ,สนใจอย่างมาก,แทบทุกวัน,หลายเดือนครั้ง,แทบทุกวัน,เดือนละ 2-3 ครั้ง,อาทิตย์ละครั้ง,เดือนละครั้ง,เดือนละครั้ง,เดือนละครั้ง,เดือนละ 2-3 ครั้ง,เดือนละ 2-3 ครั้ง,หลายเดือนครั้ง,แทบทุกวัน,แทบทุกวัน,แทบทุกวัน,เดือนละครั้ง,อาทิตย์ละครั้ง,เดือนละ 2-3 ครั้ง,แทบทุกวัน,อาทิตย์ละครั้ง,อาทิตย์ละครั้ง,อาทิตย์ละครั้ง,อาทิตย์ละครั้ง,อาทิตย์ละครั้ง,เดือนละ 2-3 ครั้ง,เดือนละ 2-3 ครั้ง,เดือนละ 2-3 ครั้ง,เดือนละ 2-3 ครั้ง,เดือนละ 2-3 ครั้ง,เดือนละ 2-3 ครั้ง,แทบทุกวัน,นอน,11-11-85,ชาย
1-9-2021 10:08:14,สนใจอย่างมาก,สนใจ,สนใจ,สนใจอย่างมาก,สนใจอย่างมาก,สนใจอย่างมาก,สนใจอย่างมากที่สุด,สนใจอย่างมากที่สุด,สนใจอย่างมากที่สุด,สนใจ,เฉยๆ,สนใจ,สนใจ,สนใจอย่างมาก,สนใจอย่างมาก,สนใจอย่างมาก,สนใจอย่างมาก,สนใจอย่างมากที่สุด,สนใจ,สนใจ,สนใจอย่างมาก,สนใจอย่างมาก,สนใจอย่างมาก,สนใจอย่างมาก,ไม่สนใจ,สนใจ,ไม่สนใจ,ไม่สนใจ,ไม่สนใจ,สนใจอย่างมาก,เดือนละครั้ง,แทบไม่ได้บริโภคเลย,แทบทุกวัน,อาทิตย์ละครั้ง,เดือนละครั้ง,หลายเดือนครั้ง,หลายเดือนครั้ง,เดือนละครั้ง,เดือนละครั้ง,หลายเดือนครั้ง,หลายเดือนครั้ง,หลายเดือนครั้ง,หลายเดือนครั้ง,อาทิตย์ละครั้ง,หลายเดือนครั้ง,อาทิตย์ละครั้ง,แทบทุกวัน,แทบทุกวัน,หลายเดือนครั้ง,อาทิตย์ละครั้ง,อาทิตย์ละครั้ง,หลายเดือนครั้ง,หลายเดือนครั้ง,หลายเดือนครั้ง,หลายเดือนครั้ง,อาทิตย์ละครั้ง,เดือนละครั้ง,เดือนละ 2-3 ครั้ง,เดือนละ 2-3 ครั้ง,อาทิตย์ละครั้ง,สัตว์เลี้ยง,11-03-91,ชาย
1-9-2021 10:08:23,สนใจ,เฉยๆ,สนใจอย่างมาก,สนใจอย่างมาก,สนใจอย่างมากที่สุด,เฉยๆ,เฉยๆ,เฉยๆ,ไม่สนใจ,สนใจอย่างมากที่สุด,สนใจอย่างมากที่สุด,สนใจ,สนใจอย่างมากที่สุด,เฉยๆ,สนใจอย่างมากที่สุด,สนใจ,สนใจ,สนใจ,สนใจ,สนใจ,สนใจ,สนใจ,สนใจอย่างมากที่สุด,ไม่สนใจ,สนใจ,สนใจอย่างมากที่สุด,สนใจอย่างมากที่สุด,เฉยๆ,เฉยๆ,สนใจ,เดือนละครั้ง,แทบไม่ได้บริโภคเลย,แทบทุกวัน,เดือนละครั้ง,แทบทุกวัน,หลายเดือนครั้ง,หลายเดือนครั้ง,หลายเดือนครั้ง,หลายเดือนครั้ง,เดือนละ 2-3 ครั้ง,แทบทุกวัน,แทบทุกวัน,แทบทุกวัน,แทบทุกวัน,หลายเดือนครั้ง,อาทิตย์ละครั้ง,อาทิตย์ละครั้ง,อาทิตย์ละครั้ง,เดือนละครั้ง,เดือนละครั้ง,แทบทุกวัน,เดือนละครั้ง,แทบทุกวัน,แทบไม่ได้บริโภคเลย,อาทิตย์ละครั้ง,อาทิตย์ละครั้ง,แทบทุกวัน,เดือนละครั้ง,หลายเดือนครั้ง,อาทิตย์ละครั้ง,ปลูกต้นไม้,09-02-35,หญิง
1-9-2021 10:08:35,สนใจ,สนใจ,เฉยๆ,ไม่สนใจ,สนใจอย่างมาก,สนใจอย่างมากที่สุด,สนใจอย่างมากที่สุด,สนใจอย่างมากที่สุด,สนใจอย่างมาก,เฉยๆ,สนใจ,สนใจอย่างมาก,สนใจอย่างมากที่สุด,สนใจอย่างมาก,สนใจอย่างมากที่สุด,เฉยๆ,สนใจ,สนใจ,สนใจอย่างมากที่สุด,สนใจอย่างมากที่สุด,สนใจอย่างมากที่สุด,สนใจอย่างมากที่สุด,สนใจอย่างมากที่สุด,สนใจอย่างมาก,สนใจอย่างมากที่สุด,สนใจอย่างมากที่สุด,สนใจอย่างมากที่สุด,สนใจอย่างมากที่สุด,สนใจอย่างมาก,สนใจ,เดือนละ 2-3 ครั้ง,เดือนละครั้ง,แทบทุกวัน,หลายเดือนครั้ง,อาทิตย์ละครั้ง,เดือนละ 2-3 ครั้ง,เดือนละ 2-3 ครั้ง,เดือนละ 2-3 ครั้ง,อาทิตย์ละครั้ง,เดือนละครั้ง,แทบทุกวัน,แทบทุกวัน,แทบทุกวัน,เดือนละ 2-3 ครั้ง,เดือนละ 2-3 ครั้ง,เดือนละ 2-3 ครั้ง,อาทิตย์ละครั้ง,เดือนละ 2-3 ครั้ง,แทบทุกวัน,แทบทุกวัน,แทบทุกวัน,แทบทุกวัน,แทบทุกวัน,แทบทุกวัน,อาทิตย์ละครั้ง,อาทิตย์ละครั้ง,อาทิตย์ละครั้ง,อาทิตย์ละครั้ง,อาทิตย์ละครั้ง,อาทิตย์ละครั้ง,วงการ YouTuber,24-06-87,หญิง
1-9-2021 10:08:36,สนใจอย่างมากที่สุด,ไม่สนใจ,สนใจอย่างมาก,สนใจอย่างมาก,สนใจ,สนใจอย่างมากที่สุด,สนใจอย่างมาก,เฉยๆ,สนใจ,เฉยๆ,ไม่สนใจอย่างมากที่สุด,เฉยๆ,เฉยๆ,สนใจอย่างมากที่สุด,สนใจ,สนใจอย่างมาก,สนใจอย่างมาก,สนใจอย่างมาก,สนใจ,สนใจ,สนใจอย่างมากที่สุด,สนใจอย่างมาก,สนใจอย่างมาก,สนใจอย่างมากที่สุด,เฉยๆ,เฉยๆ,เฉยๆ,ไม่สนใจ,ไม่สนใจ,สนใจอย่างมากที่สุด,เดือนละ 2-3 ครั้ง,หลายเดือนครั้ง,แทบทุกวัน,อาทิตย์ละครั้ง,เดือนละครั้ง,เดือนละ 2-3 ครั้ง,เดือนละ 2-3 ครั้ง,หลายเดือนครั้ง,เดือนละ 2-3 ครั้ง,หลายเดือนครั้ง,แทบไม่ได้บริโภคเลย,หลายเดือนครั้ง,เดือนละครั้ง,แทบทุกวัน,หลายเดือนครั้ง,อาทิตย์ละครั้ง,เดือนละ 2-3 ครั้ง,เดือนละครั้ง,เดือนละครั้ง,เดือนละครั้ง,แทบทุกวัน,อาทิตย์ละครั้ง,อาทิตย์ละครั้ง,แทบทุกวัน,เดือนละ 2-3 ครั้ง,หลายเดือนครั้ง,แทบไม่ได้บริโภคเลย,หลายเดือนครั้ง,แทบไม่ได้บริโภคเลย,แทบทุกวัน,การออมเงิน,09-01-21,ชาย
1-9-2021 10:08:36,สนใจอย่างมาก,เฉยๆ,สนใจอย่างมาก,สนใจ,สนใจอย่างมากที่สุด,สนใจอย่างมากที่สุด,สนใจอย่างมากที่สุด,สนใจอย่างมากที่สุด,สนใจอย่างมาก,เฉยๆ,ไม่สนใจอย่างมาก,เฉยๆ,สนใจ,เฉยๆ,สนใจอย่างมาก,สนใจ,เฉยๆ,เฉยๆ,เฉยๆ,เฉยๆ,สนใจ,เฉยๆ,ไม่สนใจอย่างมาก,ไม่สนใจอย่างมาก,สนใจ,สนใจอย่างมาก,เฉยๆ,ไม่สนใจอย่างมากที่สุด,ไม่สนใจอย่างมากที่สุด,เฉยๆ,เดือนละ 2-3 ครั้ง,หลายเดือนครั้ง,แทบทุกวัน,อาทิตย์ละครั้ง,อาทิตย์ละครั้ง,เดือนละครั้ง,เดือนละครั้ง,เดือนละ 2-3 ครั้ง,หลายเดือนครั้ง,แทบไม่ได้บริโภคเลย,แทบไม่ได้บริโภคเลย,แทบไม่ได้บริโภคเลย,อาทิตย์ละครั้ง,หลายเดือนครั้ง,เดือนละครั้ง,หลายเดือนครั้ง,แทบทุกวัน,หลายเดือนครั้ง,แทบไม่ได้บริโภคเลย,แทบไม่ได้บริโภคเลย,แทบทุกวัน,แทบไม่ได้บริโภคเลย,แทบไม่ได้บริโภคเลย,แทบไม่ได้บริโภคเลย,เดือนละ 2-3 ครั้ง,เดือนละ 2-3 ครั้ง,หลายเดือนครั้ง,แทบไม่ได้บริโภคเลย,แทบไม่ได้บริโภคเลย,แทบทุกวัน,ดนตรี,29-01-93,ชาย
1-9-2021 10:08:39,สนใจอย่างมากที่สุด,สนใจอย่างมาก,สนใจอย่างมากที่สุด,สนใจอย่างมากที่สุด,สนใจอย่างมาก,สนใจอย่างมาก,สนใจอย่างมาก,สนใจอย่างมาก,ไม่สนใจ,สนใจ,สนใจ,สนใจ,สนใจ,เฉยๆ,สนใจอย่างมากที่สุด,สนใจ,สนใจ,สนใจ,เฉยๆ,สนใจ,สนใจอย่างมาก,สนใจอย่างมาก,สนใจอย่างมาก,ไม่สนใจ,สนใจอย่างมากที่สุด,สนใจอย่างมากที่สุด,สนใจ,สนใจ,สนใจ,สนใจ,เดือนละครั้ง,หลายเดือนครั้ง,แทบทุกวัน,อาทิตย์ละครั้ง,อาทิตย์ละครั้ง,หลายเดือนครั้ง,หลายเดือนครั้ง,หลายเดือนครั้ง,แทบไม่ได้บริโภคเลย,หลายเดือนครั้ง,เดือนละครั้ง,เดือนละครั้ง,อาทิตย์ละครั้ง,แทบไม่ได้บริโภคเลย,แทบทุกวัน,เดือนละ 2-3 ครั้ง,เดือนละ 2-3 ครั้ง,เดือนละ 2-3 ครั้ง,เดือนละครั้ง,เดือนละ 2-3 ครั้ง,แทบทุกวัน,อาทิตย์ละครั้ง,เดือนละ 2-3 ครั้ง,แทบไม่ได้บริโภคเลย,แทบทุกวัน,แทบทุกวัน,เดือนละครั้ง,เดือนละครั้ง,เดือนละครั้ง,เดือนละครั้ง,สัตว์เลี้ยง น้องหมา น้องแมว,14-03-92,หญิง
1-9-2021 10:08:40,สนใจอย่างมาก,เฉยๆ,สนใจ,สนใจอย่างมาก,เฉยๆ,สนใจอย่างมาก,สนใจอย่างมาก,สนใจ,เฉยๆ,สนใจอย่างมากที่สุด,สนใจอย่างมากที่สุด,สนใจอย่างมากที่สุด,เฉยๆ,เฉยๆ,สนใจอย่างมาก,สนใจอย่างมากที่สุด,สนใจอย่างมากที่สุด,สนใจ,สนใจอย่างมากที่สุด,สนใจอย่างมากที่สุด,สนใจ,สนใจอย่างมาก,สนใจอย่างมากที่สุด,เฉยๆ,สนใจอย่างมาก,สนใจอย่างมาก,สนใจอย่างมาก,เฉยๆ,สนใจ,เฉยๆ,เดือนละครั้ง,เดือนละ 2-3 ครั้ง,แทบทุกวัน,เดือนละ 2-3 ครั้ง,แทบไม่ได้บริโภคเลย,หลายเดือนครั้ง,เดือนละครั้ง,หลายเดือนครั้ง,หลายเดือนครั้ง,อาทิตย์ละครั้ง,แทบทุกวัน,แทบทุกวัน,แทบไม่ได้บริโภคเลย,แทบไม่ได้บริโภคเลย,หลายเดือนครั้ง,อาทิตย์ละครั้ง,อาทิตย์ละครั้ง,เดือนละครั้ง,เดือนละ 2-3 ครั้ง,เดือนละ 2-3 ครั้ง,อาทิตย์ละครั้ง,เดือนละ 2-3 ครั้ง,แทบทุกวัน,แทบไม่ได้บริโภคเลย,อาทิตย์ละครั้ง,เดือนละ 2-3 ครั้ง,เดือนละ 2-3 ครั้ง,หลายเดือนครั้ง,เดือนละครั้ง,แทบทุกวัน,ขายของออนไลน์,16-06-90,หญิง
1-9-2021 10:08:44,เฉยๆ,สนใจ,สนใจ,สนใจ,ไม่สนใจ,เฉยๆ,เฉยๆ,สนใจอย่างมากที่สุด,สนใจอย่างมากที่สุด,ไม่สนใจ,ไม่สนใจอย่างมากที่สุด,ไม่สนใจอย่างมาก,สนใจอย่างมาก,สนใจอย่างมากที่สุด,สนใจอย่างมากที่สุด,เฉยๆ,สนใจ,เฉยๆ,สนใจอย่างมาก,สนใจอย่างมากที่สุด,สนใจ,สนใจอย่างมากที่สุด,ไม่สนใจ,ไม่สนใจอย่างมาก,ไม่สนใจ,สนใจ,สนใจอย่างมาก,เฉยๆ,เฉยๆ,สนใจ,หลายเดือนครั้ง,หลายเดือนครั้ง,แทบทุกวัน,เดือนละ 2-3 ครั้ง,เดือนละครั้ง,แทบไม่ได้บริโภคเลย,แทบไม่ได้บริโภคเลย,เดือนละ 2-3 ครั้ง,แทบทุกวัน,เดือนละครั้ง,แทบไม่ได้บริโภคเลย,แทบไม่ได้บริโภคเลย,อาทิตย์ละครั้ง,แทบทุกวัน,เดือนละ 2-3 ครั้ง,แทบทุกวัน,แทบทุกวัน,เดือนละครั้ง,อาทิตย์ละครั้ง,แทบทุกวัน,แทบทุกวัน,แทบทุกวัน,เดือนละครั้ง,เดือนละครั้ง,เดือนละครั้ง,เดือนละ 2-3 ครั้ง,อาทิตย์ละครั้ง,หลายเดือนครั้ง,หลายเดือนครั้ง,อาทิตย์ละครั้ง,ดนตรี,04-12-85,ชาย
1-9-2021 10:08:44,สนใจอย่างมาก,สนใจ,สนใจอย่างมาก,สนใจ,สนใจอย่างมาก,เฉยๆ,สนใจ,เฉยๆ,ไม่สนใจอย่างมากที่สุด,สนใจ,สนใจ,สนใจอย่างมาก,สนใจ,สนใจ,สนใจ,สนใจ,สนใจ,สนใจ,สนใจอย่างมาก,สนใจอย่างมาก,สนใจอย่างมาก,สนใจอย่างมาก,เฉยๆ,เฉยๆ,สนใจ,เฉยๆ,สนใจ,เฉยๆ,เฉยๆ,ไม่สนใจ,เดือนละครั้ง,เดือนละ 2-3 ครั้ง,แทบทุกวัน,เดือนละครั้ง,เดือนละ 2-3 ครั้ง,หลายเดือนครั้ง,หลายเดือนครั้ง,หลายเดือนครั้ง,แทบไม่ได้บริโภคเลย,เดือนละครั้ง,เดือนละ 2-3 ครั้ง,แทบทุกวัน,เดือนละ 2-3 ครั้ง,อาทิตย์ละครั้ง,หลายเดือนครั้ง,อาทิตย์ละครั้ง,อาทิตย์ละครั้ง,เดือนละ 2-3 ครั้ง,แทบทุกวัน,แทบทุกวัน,แทบทุกวัน,แทบทุกวัน,เดือนละครั้ง,เดือนละครั้ง,เดือนละ 2-3 ครั้ง,เดือนละครั้ง,เดือนละ 2-3 ครั้ง,เดือนละครั้ง,เดือนละครั้ง,หลายเดือนครั้ง,สัตว์เลี้ยง,10-11-94,หญิง
1-9-2021 10:08:46,สนใจอย่างมากที่สุด,สนใจอย่างมาก,สนใจ,เฉยๆ,สนใจอย่างมากที่สุด,สนใจ,สนใจ,สนใจอย่างมาก,ไม่สนใจอย่างมาก,ไม่สนใจอย่างมาก,ไม่สนใจ,สนใจ,สนใจอย่างมาก,สนใจอย่างมาก,สนใจอย่างมากที่สุด,สนใจอย่างมากที่สุด,สนใจอย่างมากที่สุด,สนใจอย่างมาก,สนใจอย่างมากที่สุด,สนใจ,เฉยๆ,สนใจอย่างมาก,สนใจ,สนใจ,สนใจอย่างมากที่สุด,สนใจอย่างมาก,สนใจ,เฉยๆ,เฉยๆ,สนใจอย่างมาก,อาทิตย์ละครั้ง,เดือนละครั้ง,แทบทุกวัน,เดือนละ 2-3 ครั้ง,อาทิตย์ละครั้ง,เดือนละครั้ง,เดือนละครั้ง,เดือนละครั้ง,หลายเดือนครั้ง,หลายเดือนครั้ง,แทบไม่ได้บริโภคเลย,หลายเดือนครั้ง,อาทิตย์ละครั้ง,แทบทุกวัน,หลายเดือนครั้ง,แทบทุกวัน,แทบทุกวัน,อาทิตย์ละครั้ง,แทบทุกวัน,หลายเดือนครั้ง,อาทิตย์ละครั้ง,แทบทุกวัน,อาทิตย์ละครั้ง,อาทิตย์ละครั้ง,แทบทุกวัน,แทบทุกวัน,อาทิตย์ละครั้ง,เดือนละครั้ง,หลายเดือนครั้ง,อาทิตย์ละครั้ง,ด้านการเกษตร,28-08-87,ชาย
1-9-2021 10:08:51,สนใจอย่างมากที่สุด,สนใจอย่างมากที่สุด,สนใจ,สนใจ,เฉยๆ,สนใจอย่างมาก,สนใจอย่างมากที่สุด,สนใจอย่างมาก,เฉยๆ,สนใจ,ไม่สนใจอย่างมากที่สุด,เฉยๆ,สนใจ,สนใจอย่างมากที่สุด,สนใจ,ไม่สนใจอย่างมาก,เฉยๆ,ไม่สนใจ,สนใจอย่างมาก,สนใจอย่างมาก,สนใจอย่างมาก,สนใจอย่างมาก,สนใจ,สนใจอย่างมาก,ไม่สนใจ,ไม่สนใจ,ไม่สนใจอย่างมาก,ไม่สนใจอย่างมากที่สุด,ไม่สนใจอย่างมากที่สุด,สนใจ,แทบทุกวัน,อาทิตย์ละครั้ง,แทบทุกวัน,อาทิตย์ละครั้ง,เดือนละ 2-3 ครั้ง,เดือนละ 2-3 ครั้ง,อาทิตย์ละครั้ง,เดือนละ 2-3 ครั้ง,อาทิตย์ละครั้ง,อาทิตย์ละครั้ง,แทบไม่ได้บริโภคเลย,เดือนละครั้ง,แทบทุกวัน,แทบทุกวัน,หลายเดือนครั้ง,หลายเดือนครั้ง,อาทิตย์ละครั้ง,หลายเดือนครั้ง,แทบทุกวัน,แทบทุกวัน,แทบทุกวัน,แทบทุกวัน,แทบทุกวัน,แทบทุกวัน,เดือนละครั้ง,เดือนละครั้ง,หลายเดือนครั้ง,แทบไม่ได้บริโภคเลย,แทบไม่ได้บริโภคเลย,อาทิตย์ละครั้ง,Gadget ,22-07-93,ชาย
1-9-2021 10:08:51,สนใจอย่างมาก,เฉยๆ,สนใจอย่างมาก,สนใจ,สนใจอย่างมาก,เฉยๆ,สนใจ,สนใจ,สนใจ,เฉยๆ,ไม่สนใจอย่างมาก,ไม่สนใจ,สนใจอย่างมากที่สุด,สนใจ,สนใจอย่างมาก,สนใจ,สนใจอย่างมาก,สนใจอย่างมาก,เฉยๆ,สนใจ,เฉยๆ,สนใจ,ไม่สนใจ,สนใจ,เฉยๆ,สนใจอย่างมาก,สนใจ,ไม่สนใจ,ไม่สนใจอย่างมาก,สนใจ,อาทิตย์ละครั้ง,หลายเดือนครั้ง,แทบทุกวัน,เดือนละ 2-3 ครั้ง,อาทิตย์ละครั้ง,หลายเดือนครั้ง,เดือนละ 2-3 ครั้ง,เดือนละครั้ง,เดือนละครั้ง,หลายเดือนครั้ง,แทบไม่ได้บริโภคเลย,หลายเดือนครั้ง,อาทิตย์ละครั้ง,อาทิตย์ละครั้ง,เดือนละครั้ง,เดือนละ 2-3 ครั้ง,แทบทุกวัน,อาทิตย์ละครั้ง,อาทิตย์ละครั้ง,เดือนละครั้ง,อาทิตย์ละครั้ง,อาทิตย์ละครั้ง,เดือนละ 2-3 ครั้ง,เดือนละ 2-3 ครั้ง,เดือนละ 2-3 ครั้ง,เดือนละ 2-3 ครั้ง,เดือนละครั้ง,หลายเดือนครั้ง,แทบไม่ได้บริโภคเลย,อาทิตย์ละครั้ง,Technology and Gadget,12-09-78,ชาย
1-9-2021 10:08:57,สนใจอย่างมาก,เฉยๆ,สนใจอย่างมาก,ไม่สนใจอย่างมากที่สุด,ไม่สนใจอย่างมากที่สุด,สนใจ,สนใจอย่างมาก,สนใจอย่างมากที่สุด,สนใจอย่างมากที่สุด,ไม่สนใจอย่างมากที่สุด,ไม่สนใจอย่างมากที่สุด,ไม่สนใจอย่างมากที่สุด,สนใจ,สนใจอย่างมากที่สุด,สนใจ,เฉยๆ,เฉยๆ,เฉยๆ,สนใจอย่างมาก,เฉยๆ,เฉยๆ,สนใจอย่างมาก,เฉยๆ,สนใจ,เฉยๆ,เฉยๆ,เฉยๆ,ไม่สนใจอย่างมาก,ไม่สนใจอย่างมาก,ไม่สนใจอย่างมาก,เดือนละครั้ง,แทบไม่ได้บริโภคเลย,แทบทุกวัน,แทบไม่ได้บริโภคเลย,แทบไม่ได้บริโภคเลย,เดือนละครั้ง,เดือนละครั้ง,เดือนละครั้ง,เดือนละ 2-3 ครั้ง,แทบไม่ได้บริโภคเลย,แทบไม่ได้บริโภคเลย,แทบไม่ได้บริโภคเลย,เดือนละ 2-3 ครั้ง,แทบทุกวัน,หลายเดือนครั้ง,เดือนละครั้ง,เดือนละ 2-3 ครั้ง,อาทิตย์ละครั้ง,แทบทุกวัน,เดือนละ 2-3 ครั้ง,แทบทุกวัน,แทบทุกวัน,เดือนละครั้ง,เดือนละ 2-3 ครั้ง,หลายเดือนครั้ง,หลายเดือนครั้ง,หลายเดือนครั้ง,แทบไม่ได้บริโภคเลย,แทบไม่ได้บริโภคเลย,หลายเดือนครั้ง,-,12-04-91,ชาย
1-9-2021 10:08:59,สนใจอย่างมาก,ไม่สนใจอย่างมาก,สนใจ,สนใจอย่างมาก,สนใจอย่างมาก,ไม่สนใจ,สนใจ,ไม่สนใจ,ไม่สนใจอย่างมากที่สุด,สนใจ,ไม่สนใจอย่างมากที่สุด,สนใจอย่างมาก,สนใจอย่างมาก,สนใจอย่างมากที่สุด,สนใจ,สนใจอย่างมาก,สนใจอย่างมากที่สุด,สนใจอย่างมาก,สนใจอย่างมากที่สุด,สนใจอย่างมากที่สุด,สนใจ,สนใจอย่างมาก,ไม่สนใจอย่างมาก,สนใจ,สนใจ,สนใจ,สนใจอย่างมาก,ไม่สนใจ,ไม่สนใจอย่างมากที่สุด,เฉยๆ,เดือนละครั้ง,แทบไม่ได้บริโภคเลย,แทบทุกวัน,เดือนละ 2-3 ครั้ง,อาทิตย์ละครั้ง,แทบไม่ได้บริโภคเลย,แทบไม่ได้บริโภคเลย,แทบไม่ได้บริโภคเลย,แทบไม่ได้บริโภคเลย,หลายเดือนครั้ง,แทบไม่ได้บริโภคเลย,หลายเดือนครั้ง,เดือนละ 2-3 ครั้ง,อาทิตย์ละครั้ง,แทบไม่ได้บริโภคเลย,อาทิตย์ละครั้ง,แทบทุกวัน,เดือนละ 2-3 ครั้ง,แทบทุกวัน,แทบไม่ได้บริโภคเลย,แทบทุกวัน,แทบทุกวัน,แทบไม่ได้บริโภคเลย,อาทิตย์ละครั้ง,แทบไม่ได้บริโภคเลย,แทบไม่ได้บริโภคเลย,แทบไม่ได้บริโภคเลย,แทบไม่ได้บริโภคเลย,แทบไม่ได้บริโภคเลย,หลายเดือนครั้ง,ดู Anime,13-09-91,ชาย
1-9-2021 10:09:01,สนใจอย่างมากที่สุด,สนใจอย่างมากที่สุด,สนใจอย่างมากที่สุด,สนใจ,เฉยๆ,สนใจ,สนใจอย่างมาก,สนใจอย่างมาก,เฉยๆ,สนใจ,สนใจ,สนใจ,เฉยๆ,เฉยๆ,สนใจอย่างมาก,สนใจ,สนใจอย่างมากที่สุด,สนใจอย่างมากที่สุด,สนใจอย่างมากที่สุด,สนใจ,สนใจอย่างมาก,สนใจอย่างมาก,สนใจอย่างมาก,เฉยๆ,สนใจอย่างมาก,สนใจอย่างมาก,เฉยๆ,เฉยๆ,เฉยๆ,เฉยๆ,แทบทุกวัน,เดือนละครั้ง,แทบทุกวัน,อาทิตย์ละครั้ง,เดือนละ 2-3 ครั้ง,เดือนละครั้ง,เดือนละ 2-3 ครั้ง,เดือนละ 2-3 ครั้ง,หลายเดือนครั้ง,เดือนละครั้ง,เดือนละ 2-3 ครั้ง,เดือนละ 2-3 ครั้ง,หลายเดือนครั้ง,หลายเดือนครั้ง,หลายเดือนครั้ง,เดือนละครั้ง,แทบทุกวัน,แทบทุกวัน,แทบทุกวัน,อาทิตย์ละครั้ง,แทบทุกวัน,แทบทุกวัน,อาทิตย์ละครั้ง,หลายเดือนครั้ง,อาทิตย์ละครั้ง,อาทิตย์ละครั้ง,หลายเดือนครั้ง,หลายเดือนครั้ง,หลายเดือนครั้ง,หลายเดือนครั้ง,ดูดวง,28-11-94,หญิง
1-9-2021 10:09:05,สนใจ,เฉยๆ,สนใจ,เฉยๆ,สนใจ,เฉยๆ,เฉยๆ,เฉยๆ,ไม่สนใจ,ไม่สนใจอย่างมาก,ไม่สนใจอย่างมากที่สุด,เฉยๆ,สนใจอย่างมาก,สนใจอย่างมากที่สุด,สนใจอย่างมาก,สนใจอย่างมากที่สุด,สนใจอย่างมากที่สุด,สนใจอย่างมาก,สนใจ,สนใจอย่างมาก,สนใจ,สนใจ,ไม่สนใจ,สนใจอย่างมาก,ไม่สนใจอย่างมาก,เฉยๆ,ไม่สนใจอย่างมาก,สนใจ,ไม่สนใจอย่างมากที่สุด,สนใจอย่างมาก,เดือนละ 2-3 ครั้ง,หลายเดือนครั้ง,แทบทุกวัน,เดือนละครั้ง,แทบไม่ได้บริโภคเลย,หลายเดือนครั้ง,หลายเดือนครั้ง,หลายเดือนครั้ง,แทบไม่ได้บริโภคเลย,แทบไม่ได้บริโภคเลย,แทบไม่ได้บริโภคเลย,แทบไม่ได้บริโภคเลย,อาทิตย์ละครั้ง,หลายเดือนครั้ง,แทบไม่ได้บริโภคเลย,เดือนละครั้ง,แทบทุกวัน,แทบทุกวัน,เดือนละ 2-3 ครั้ง,หลายเดือนครั้ง,แทบทุกวัน,เดือนละ 2-3 ครั้ง,แทบไม่ได้บริโภคเลย,อาทิตย์ละครั้ง,แทบไม่ได้บริโภคเลย,แทบไม่ได้บริโภคเลย,แทบไม่ได้บริโภคเลย,แทบไม่ได้บริโภคเลย,แทบไม่ได้บริโภคเลย,อาทิตย์ละครั้ง,Technology,18-10-93,ชาย
1-9-2021 10:09:07,สนใจอย่างมากที่สุด,สนใจ,เฉยๆ,สนใจ,ไม่สนใจอย่างมาก,สนใจอย่างมาก,สนใจ,สนใจ,ไม่สนใจอย่างมากที่สุด,ไม่สนใจอย่างมากที่สุด,เฉยๆ,เฉยๆ,เฉยๆ,เฉยๆ,สนใจอย่างมาก,เฉยๆ,สนใจ,สนใจ,สนใจอย่างมาก,สนใจอย่างมาก,สนใจอย่างมาก,สนใจอย่างมาก,สนใจอย่างมาก,ไม่สนใจ,สนใจอย่างมากที่สุด,สนใจอย่างมากที่สุด,ไม่สนใจ,ไม่สนใจ,ไม่สนใจ,ไม่สนใจอย่างมาก,เดือนละครั้ง,หลายเดือนครั้ง,แทบทุกวัน,เดือนละ 2-3 ครั้ง,แทบไม่ได้บริโภคเลย,เดือนละครั้ง,เดือนละครั้ง,เดือนละครั้ง,แทบไม่ได้บริโภคเลย,หลายเดือนครั้ง,หลายเดือนครั้ง,แทบทุกวัน,เดือนละ 2-3 ครั้ง,แทบไม่ได้บริโภคเลย,หลายเดือนครั้ง,อาทิตย์ละครั้ง,อาทิตย์ละครั้ง,เดือนละครั้ง,เดือนละครั้ง,เดือนละครั้ง,อาทิตย์ละครั้ง,เดือนละ 2-3 ครั้ง,อาทิตย์ละครั้ง,แทบไม่ได้บริโภคเลย,อาทิตย์ละครั้ง,อาทิตย์ละครั้ง,แทบไม่ได้บริโภคเลย,แทบไม่ได้บริโภคเลย,แทบไม่ได้บริโภคเลย,เดือนละครั้ง,การลงทุน,29-05-35,หญิง
1-9-2021 10:09:14,สนใจ,เฉยๆ,สนใจอย่างมากที่สุด,สนใจอย่างมาก,สนใจ,เฉยๆ,สนใจ,สนใจ,เฉยๆ,สนใจอย่างมาก,สนใจ,สนใจ,สนใจอย่างมาก,สนใจ,สนใจ,ไม่สนใจ,เฉยๆ,เฉยๆ,สนใจ,สนใจอย่างมาก,สนใจ,สนใจอย่างมาก,สนใจอย่างมาก,สนใจ,สนใจ,สนใจ,สนใจอย่างมาก,สนใจ,สนใจ,เฉยๆ,เดือนละ 2-3 ครั้ง,หลายเดือนครั้ง,เดือนละ 2-3 ครั้ง,อาทิตย์ละครั้ง,เดือนละ 2-3 ครั้ง,เดือนละครั้ง,เดือนละครั้ง,เดือนละ 2-3 ครั้ง,หลายเดือนครั้ง,อาทิตย์ละครั้ง,เดือนละ 2-3 ครั้ง,เดือนละ 2-3 ครั้ง,แทบทุกวัน,แทบทุกวัน,เดือนละครั้ง,เดือนละ 2-3 ครั้ง,แทบทุกวัน,เดือนละ 2-3 ครั้ง,เดือนละครั้ง,เดือนละครั้ง,แทบทุกวัน,เดือนละ 2-3 ครั้ง,อาทิตย์ละครั้ง,เดือนละครั้ง,อาทิตย์ละครั้ง,อาทิตย์ละครั้ง,อาทิตย์ละครั้ง,อาทิตย์ละครั้ง,อาทิตย์ละครั้ง,อาทิตย์ละครั้ง,รถยนต์,29-07-34,หญิง
1-9-2021 10:09:17,สนใจอย่างมาก,เฉยๆ,สนใจ,สนใจ,สนใจ,สนใจอย่างมาก,สนใจอย่างมาก,สนใจอย่างมาก,สนใจ,สนใจ,ไม่สนใจอย่างมากที่สุด,ไม่สนใจอย่างมากที่สุด,สนใจอย่างมากที่สุด,สนใจอย่างมาก,สนใจอย่างมาก,สนใจ,สนใจ,เฉยๆ,สนใจ,สนใจ,สนใจอย่างมาก,เฉยๆ,สนใจ,สนใจ,สนใจ,สนใจ,สนใจ,เฉยๆ,ไม่สนใจอย่างมากที่สุด,สนใจอย่างมาก,เดือนละครั้ง,หลายเดือนครั้ง,อาทิตย์ละครั้ง,อาทิตย์ละครั้ง,เดือนละ 2-3 ครั้ง,เดือนละครั้ง,เดือนละครั้ง,เดือนละครั้ง,แทบไม่ได้บริโภคเลย,หลายเดือนครั้ง,แทบไม่ได้บริโภคเลย,แทบไม่ได้บริโภคเลย,อาทิตย์ละครั้ง,แทบทุกวัน,หลายเดือนครั้ง,อาทิตย์ละครั้ง,แทบทุกวัน,เดือนละ 2-3 ครั้ง,อาทิตย์ละครั้ง,เดือนละ 2-3 ครั้ง,แทบทุกวัน,เดือนละ 2-3 ครั้ง,แทบทุกวัน,แทบทุกวัน,อาทิตย์ละครั้ง,เดือนละ 2-3 ครั้ง,เดือนละ 2-3 ครั้ง,เดือนละครั้ง,แทบไม่ได้บริโภคเลย,อาทิตย์ละครั้ง,กีฬา,01-03-96,ชาย
1-9-2021 10:09:20,สนใจอย่างมากที่สุด,สนใจอย่างมาก,สนใจ,สนใจอย่างมาก,สนใจอย่างมาก,สนใจ,สนใจอย่างมากที่สุด,สนใจอย่างมากที่สุด,ไม่สนใจอย่างมากที่สุด,สนใจอย่างมากที่สุด,ไม่สนใจอย่างมากที่สุด,เฉยๆ,ไม่สนใจอย่างมาก,ไม่สนใจอย่างมาก,ไม่สนใจอย่างมาก,สนใจอย่างมาก,สนใจอย่างมากที่สุด,สนใจอย่างมากที่สุด,เฉยๆ,สนใจ,สนใจอย่างมากที่สุด,สนใจอย่างมาก,ไม่สนใจอย่างมากที่สุด,ไม่สนใจอย่างมากที่สุด,เฉยๆ,เฉยๆ,สนใจ,ไม่สนใจอย่างมากที่สุด,ไม่สนใจอย่างมากที่สุด,เฉยๆ,เดือนละ 2-3 ครั้ง,เดือนละครั้ง,เดือนละ 2-3 ครั้ง,อาทิตย์ละครั้ง,แทบทุกวัน,เดือนละครั้ง,เดือนละครั้ง,เดือนละ 2-3 ครั้ง,แทบไม่ได้บริโภคเลย,หลายเดือนครั้ง,แทบไม่ได้บริโภคเลย,แทบทุกวัน,เดือนละครั้ง,หลายเดือนครั้ง,แทบไม่ได้บริโภคเลย,อาทิตย์ละครั้ง,อาทิตย์ละครั้ง,อาทิตย์ละครั้ง,เดือนละ 2-3 ครั้ง,เดือนละ 2-3 ครั้ง,แทบทุกวัน,เดือนละ 2-3 ครั้ง,แทบไม่ได้บริโภคเลย,แทบไม่ได้บริโภคเลย,แทบไม่ได้บริโภคเลย,แทบไม่ได้บริโภคเลย,หลายเดือนครั้ง,แทบไม่ได้บริโภคเลย,แทบไม่ได้บริโภคเลย,เดือนละครั้ง,กาแฟ / ชานมไข่มุก,12-03-92,ชาย
1-9-2021 10:09:30,สนใจ,ไม่สนใจ,สนใจอย่างมาก,สนใจ,สนใจ,สนใจอย่างมากที่สุด,สนใจอย่างมาก,สนใจอย่างมาก,สนใจอย่างมากที่สุด,สนใจ,ไม่สนใจอย่างมาก,สนใจ,สนใจ,สนใจอย่างมากที่สุด,สนใจอย่างมาก,สนใจ,สนใจอย่างมากที่สุด,สนใจ,ไม่สนใจ,เฉยๆ,สนใจ,เฉยๆ,ไม่สนใจอย่างมาก,สนใจ,สนใจอย่างมาก,สนใจ,เฉยๆ,ไม่สนใจ,ไม่สนใจอย่างมากที่สุด,สนใจอย่างมากที่สุด,เดือนละ 2-3 ครั้ง,แทบไม่ได้บริโภคเลย,แทบทุกวัน,เดือนละ 2-3 ครั้ง,เดือนละครั้ง,อาทิตย์ละครั้ง,หลายเดือนครั้ง,อาทิตย์ละครั้ง,เดือนละครั้ง,เดือนละครั้ง,แทบไม่ได้บริโภคเลย,หลายเดือนครั้ง,เดือนละ 2-3 ครั้ง,แทบทุกวัน,หลายเดือนครั้ง,หลายเดือนครั้ง,แทบทุกวัน,เดือนละครั้ง,หลายเดือนครั้ง,แทบไม่ได้บริโภคเลย,แทบทุกวัน,เดือนละครั้ง,เดือนละครั้ง,เดือนละ 2-3 ครั้ง,แทบทุกวัน,แทบทุกวัน,เดือนละ 2-3 ครั้ง,เดือนละครั้ง,แทบไม่ได้บริโภคเลย,แทบทุกวัน,การลงทุน,25-08-91,ชาย
1-9-2021 10:09:34,สนใจอย่างมาก,สนใจ,สนใจอย่างมาก,เฉยๆ,สนใจ,สนใจอย่างมากที่สุด,สนใจอย่างมากที่สุด,สนใจอย่างมาก,เฉยๆ,สนใจ,สนใจ,สนใจอย่างมาก,สนใจ,สนใจ,สนใจอย่างมากที่สุด,สนใจอย่างมากที่สุด,สนใจอย่างมาก,สนใจ,สนใจอย่างมาก,สนใจอย่างมาก,สนใจอย่างมากที่สุด,สนใจอย่างมาก,สนใจอย่างมากที่สุด,สนใจ,สนใจอย่างมาก,สนใจอย่างมากที่สุด,สนใจอย่างมาก,สนใจ,สนใจ,สนใจอย่างมาก,เดือนละ 2-3 ครั้ง,เดือนละครั้ง,แทบทุกวัน,เดือนละครั้ง,เดือนละ 2-3 ครั้ง,เดือนละ 2-3 ครั้ง,เดือนละ 2-3 ครั้ง,เดือนละครั้ง,หลายเดือนครั้ง,เดือนละ 2-3 ครั้ง,เดือนละครั้ง,เดือนละ 2-3 ครั้ง,อาทิตย์ละครั้ง,อาทิตย์ละครั้ง,อาทิตย์ละครั้ง,แทบทุกวัน,แทบทุกวัน,อาทิตย์ละครั้ง,เดือนละครั้ง,เดือนละ 2-3 ครั้ง,แทบทุกวัน,อาทิตย์ละครั้ง,แทบทุกวัน,อาทิตย์ละครั้ง,แทบทุกวัน,แทบทุกวัน,อาทิตย์ละครั้ง,เดือนละ 2-3 ครั้ง,เดือนละ 2-3 ครั้ง,อาทิตย์ละครั้ง,"ฟังเพลง,อ่านนิยาย,เทคโนโลยี",08-04-95,หญิง
1-9-2021 10:09:41,สนใจอย่างมากที่สุด,สนใจอย่างมาก,สนใจ,สนใจ,สนใจอย่างมาก,สนใจอย่างมากที่สุด,สนใจอย่างมากที่สุด,สนใจอย่างมากที่สุด,สนใจอย่างมากที่สุด,สนใจ,ไม่สนใจอย่างมาก,เฉยๆ,เฉยๆ,สนใจ,สนใจอย่างมาก,เฉยๆ,สนใจอย่างมาก,สนใจอย่างมาก,สนใจอย่างมากที่สุด,สนใจอย่างมากที่สุด,สนใจอย่างมากที่สุด,สนใจอย่างมาก,สนใจอย่างมาก,สนใจ,สนใจอย่างมาก,สนใจอย่างมากที่สุด,สนใจอย่างมากที่สุด,สนใจ,สนใจ,สนใจ,เดือนละครั้ง,หลายเดือนครั้ง,แทบทุกวัน,อาทิตย์ละครั้ง,อาทิตย์ละครั้ง,เดือนละ 2-3 ครั้ง,เดือนละ 2-3 ครั้ง,เดือนละครั้ง,อาทิตย์ละครั้ง,เดือนละครั้ง,แทบไม่ได้บริโภคเลย,หลายเดือนครั้ง,หลายเดือนครั้ง,แทบทุกวัน,หลายเดือนครั้ง,เดือนละ 2-3 ครั้ง,แทบทุกวัน,เดือนละ 2-3 ครั้ง,แทบทุกวัน,แทบทุกวัน,เดือนละ 2-3 ครั้ง,อาทิตย์ละครั้ง,เดือนละ 2-3 ครั้ง,เดือนละ 2-3 ครั้ง,อาทิตย์ละครั้ง,เดือนละครั้ง,อาทิตย์ละครั้ง,หลายเดือนครั้ง,หลายเดือนครั้ง,อาทิตย์ละครั้ง,นิยายออนไลน์ หุ้น,28-01-93,ชาย
1-9-2021 10:10:02,สนใจอย่างมาก,สนใจ,สนใจ,เฉยๆ,สนใจ,สนใจ,สนใจ,สนใจ,สนใจ,เฉยๆ,ไม่สนใจอย่างมาก,ไม่สนใจอย่างมาก,สนใจ,สนใจอย่างมาก,สนใจอย่างมากที่สุด,ไม่สนใจ,ไม่สนใจ,ไม่สนใจ,สนใจ,เฉยๆ,เฉยๆ,สนใจ,ไม่สนใจอย่างมาก,ไม่สนใจ,ไม่สนใจ,ไม่สนใจ,ไม่สนใจ,ไม่สนใจ,ไม่สนใจ,ไม่สนใจ,อาทิตย์ละครั้ง,หลายเดือนครั้ง,แทบทุกวัน,เดือนละ 2-3 ครั้ง,เดือนละครั้ง,เดือนละ 2-3 ครั้ง,เดือนละ 2-3 ครั้ง,เดือนละครั้ง,เดือนละครั้ง,หลายเดือนครั้ง,แทบไม่ได้บริโภคเลย,หลายเดือนครั้ง,เดือนละ 2-3 ครั้ง,อาทิตย์ละครั้ง,เดือนละครั้ง,หลายเดือนครั้ง,หลายเดือนครั้ง,อาทิตย์ละครั้ง,เดือนละ 2-3 ครั้ง,อาทิตย์ละครั้ง,แทบทุกวัน,แทบทุกวัน,เดือนละครั้ง,เดือนละ 2-3 ครั้ง,อาทิตย์ละครั้ง,เดือนละครั้ง,เดือนละครั้ง,หลายเดือนครั้ง,หลายเดือนครั้ง,เดือนละ 2-3 ครั้ง,sports,22-03-91,ชาย
1-9-2021 10:10:05,สนใจอย่างมาก,ไม่สนใจ,สนใจอย่างมาก,สนใจอย่างมาก,สนใจ,สนใจอย่างมาก,สนใจ,สนใจ,ไม่สนใจอย่างมากที่สุด,สนใจ,สนใจ,สนใจอย่างมาก,สนใจ,เฉยๆ,สนใจ,เฉยๆ,เฉยๆ,สนใจ,สนใจ,สนใจ,สนใจ,สนใจ,สนใจ,เฉยๆ,สนใจ,สนใจ,สนใจอย่างมาก,เฉยๆ,เฉยๆ,สนใจ,เดือนละ 2-3 ครั้ง,หลายเดือนครั้ง,แทบทุกวัน,อาทิตย์ละครั้ง,อาทิตย์ละครั้ง,เดือนละครั้ง,หลายเดือนครั้ง,หลายเดือนครั้ง,แทบไม่ได้บริโภคเลย,เดือนละ 2-3 ครั้ง,เดือนละ 2-3 ครั้ง,เดือนละ 2-3 ครั้ง,เดือนละ 2-3 ครั้ง,เดือนละครั้ง,หลายเดือนครั้ง,เดือนละครั้ง,เดือนละครั้ง,หลายเดือนครั้ง,อาทิตย์ละครั้ง,อาทิตย์ละครั้ง,แทบทุกวัน,อาทิตย์ละครั้ง,เดือนละ 2-3 ครั้ง,เดือนละครั้ง,เดือนละครั้ง,เดือนละครั้ง,เดือนละ 2-3 ครั้ง,หลายเดือนครั้ง,หลายเดือนครั้ง,เดือนละครั้ง,การลงทุน หาแนวคิดในการทำธุรกิจเสริม,23-10-88,หญิง
1-9-2021 10:10:09,สนใจอย่างมากที่สุด,สนใจ,สนใจ,สนใจ,เฉยๆ,สนใจ,สนใจอย่างมาก,สนใจอย่างมากที่สุด,เฉยๆ,สนใจอย่างมาก,เฉยๆ,สนใจ,สนใจอย่างมากที่สุด,สนใจอย่างมาก,สนใจอย่างมากที่สุด,สนใจอย่างมาก,สนใจอย่างมาก,สนใจอย่างมาก,สนใจอย่างมาก,สนใจอย่างมาก,สนใจอย่างมาก,สนใจอย่างมากที่สุด,สนใจ,สนใจ,สนใจอย่างมากที่สุด,สนใจอย่างมากที่สุด,สนใจอย่างมาก,เฉยๆ,เฉยๆ,สนใจอย่างมาก,เดือนละ 2-3 ครั้ง,หลายเดือนครั้ง,แทบทุกวัน,อาทิตย์ละครั้ง,แทบไม่ได้บริโภคเลย,เดือนละครั้ง,เดือนละครั้ง,เดือนละครั้ง,หลายเดือนครั้ง,เดือนละ 2-3 ครั้ง,แทบไม่ได้บริโภคเลย,แทบทุกวัน,แทบทุกวัน,แทบทุกวัน,หลายเดือนครั้ง,อาทิตย์ละครั้ง,แทบทุกวัน,อาทิตย์ละครั้ง,แทบทุกวัน,แทบทุกวัน,แทบทุกวัน,แทบทุกวัน,เดือนละ 2-3 ครั้ง,อาทิตย์ละครั้ง,อาทิตย์ละครั้ง,อาทิตย์ละครั้ง,เดือนละ 2-3 ครั้ง,เดือนละครั้ง,เดือนละครั้ง,เดือนละ 2-3 ครั้ง,กีฬา ฟุตบอล,16-11-92,ชาย
1-9-2021 10:10:20,สนใจอย่างมากที่สุด,สนใจอย่างมาก,สนใจอย่างมากที่สุด,เฉยๆ,สนใจอย่างมากที่สุด,เฉยๆ,สนใจ,สนใจ,ไม่สนใจอย่างมากที่สุด,เฉยๆ,เฉยๆ,สนใจ,สนใจอย่างมากที่สุด,สนใจอย่างมากที่สุด,สนใจอย่างมากที่สุด,สนใจอย่างมากที่สุด,สนใจอย่างมากที่สุด,สนใจอย่างมากที่สุด,สนใจ,สนใจ,สนใจอย่างมากที่สุด,เฉยๆ,เฉยๆ,สนใจ,สนใจ,สนใจอย่างมากที่สุด,เฉยๆ,เฉยๆ,เฉยๆ,สนใจ,อาทิตย์ละครั้ง,เดือนละครั้ง,แทบทุกวัน,เดือนละ 2-3 ครั้ง,แทบทุกวัน,เดือนละครั้ง,เดือนละ 2-3 ครั้ง,เดือนละ 2-3 ครั้ง,แทบไม่ได้บริโภคเลย,เดือนละครั้ง,เดือนละครั้ง,เดือนละครั้ง,แทบทุกวัน,เดือนละครั้ง,เดือนละครั้ง,เดือนละครั้ง,แทบทุกวัน,เดือนละ 2-3 ครั้ง,เดือนละครั้ง,เดือนละครั้ง,แทบทุกวัน,แทบไม่ได้บริโภคเลย,เดือนละครั้ง,เดือนละครั้ง,แทบทุกวัน,แทบทุกวัน,เดือนละครั้ง,เดือนละครั้ง,เดือนละครั้ง,เดือนละ 2-3 ครั้ง,"ฟุตบอล, การท่องเที่ยวแนวธรรมชาติ, รถยนต์, ธรรมมะ, อาหาร Anti-Aging",16-11-76,ชาย
1-9-2021 10:10:40,สนใจอย่างมากที่สุด,สนใจอย่างมาก,สนใจ,สนใจอย่างมาก,ไม่สนใจ,สนใจอย่างมากที่สุด,สนใจ,สนใจ,สนใจอย่างมากที่สุด,สนใจ,เฉยๆ,เฉยๆ,สนใจอย่างมาก,สนใจอย่างมากที่สุด,สนใจอย่างมากที่สุด,สนใจอย่างมาก,สนใจ,สนใจ,สนใจ,สนใจอย่างมากที่สุด,สนใจอย่างมาก,เฉยๆ,สนใจ,สนใจอย่างมาก,ไม่สนใจ,สนใจอย่างมาก,สนใจอย่างมาก,เฉยๆ,เฉยๆ,เฉยๆ,หลายเดือนครั้ง,หลายเดือนครั้ง,แทบทุกวัน,เดือนละครั้ง,แทบไม่ได้บริโภคเลย,หลายเดือนครั้ง,หลายเดือนครั้ง,หลายเดือนครั้ง,อาทิตย์ละครั้ง,หลายเดือนครั้ง,แทบไม่ได้บริโภคเลย,แทบไม่ได้บริโภคเลย,อาทิตย์ละครั้ง,แทบทุกวัน,หลายเดือนครั้ง,เดือนละครั้ง,แทบทุกวัน,หลายเดือนครั้ง,แทบไม่ได้บริโภคเลย,เดือนละ 2-3 ครั้ง,อาทิตย์ละครั้ง,แทบไม่ได้บริโภคเลย,เดือนละครั้ง,เดือนละครั้ง,แทบไม่ได้บริโภคเลย,หลายเดือนครั้ง,เดือนละครั้ง,แทบไม่ได้บริโภคเลย,แทบไม่ได้บริโภคเลย,หลายเดือนครั้ง,สัตว์เลี้ยง,25-11-89,ชาย
1-9-2021 10:10:43,สนใจอย่างมากที่สุด,เฉยๆ,สนใจอย่างมาก,เฉยๆ,สนใจ,สนใจอย่างมากที่สุด,สนใจอย่างมากที่สุด,สนใจอย่างมากที่สุด,สนใจ,สนใจอย่างมากที่สุด,สนใจอย่างมากที่สุด,สนใจอย่างมากที่สุด,สนใจอย่างมาก,สนใจอย่างมากที่สุด,สนใจอย่างมากที่สุด,สนใจอย่างมาก,สนใจอย่างมากที่สุด,สนใจอย่างมากที่สุด,สนใจอย่างมากที่สุด,สนใจอย่างมากที่สุด,สนใจ,สนใจอย่างมาก,สนใจอย่างมาก,สนใจอย่างมาก,สนใจอย่างมากที่สุด,สนใจอย่างมากที่สุด,สนใจอย่างมากที่สุด,สนใจ,เฉยๆ,สนใจอย่างมาก,อาทิตย์ละครั้ง,หลายเดือนครั้ง,แทบทุกวัน,อาทิตย์ละครั้ง,เดือนละครั้ง,เดือนละ 2-3 ครั้ง,เดือนละ 2-3 ครั้ง,เดือนละ 2-3 ครั้ง,เดือนละครั้ง,เดือนละ 2-3 ครั้ง,แทบทุกวัน,แทบทุกวัน,อาทิตย์ละครั้ง,แทบทุกวัน,เดือนละครั้ง,อาทิตย์ละครั้ง,อาทิตย์ละครั้ง,อาทิตย์ละครั้ง,เดือนละครั้ง,เดือนละ 2-3 ครั้ง,อาทิตย์ละครั้ง,เดือนละ 2-3 ครั้ง,อาทิตย์ละครั้ง,อาทิตย์ละครั้ง,แทบทุกวัน,แทบทุกวัน,แทบทุกวัน,เดือนละ 2-3 ครั้ง,เดือนละ 2-3 ครั้ง,อาทิตย์ละครั้ง,สนใจเกี่ยวกับการตลาด กลยุทธ์ของเหล่าบริษัทชั้นนำ,22-12-92,หญิง
1-9-2021 10:10:47,สนใจอย่างมาก,สนใจอย่างมาก,สนใจอย่างมาก,สนใจอย่างมาก,สนใจอย่างมาก,สนใจอย่างมากที่สุด,สนใจอย่างมาก,สนใจอย่างมาก,ไม่สนใจอย่างมากที่สุด,เฉยๆ,สนใจ,สนใจ,สนใจ,ไม่สนใจอย่างมาก,สนใจอย่างมาก,สนใจ,สนใจ,สนใจ,สนใจ,สนใจ,สนใจอย่างมากที่สุด,สนใจ,สนใจ,ไม่สนใจอย่างมากที่สุด,สนใจ,สนใจอย่างมาก,เฉยๆ,ไม่สนใจ,ไม่สนใจ,ไม่สนใจอย่างมากที่สุด,อาทิตย์ละครั้ง,เดือนละ 2-3 ครั้ง,แทบทุกวัน,แทบทุกวัน,อาทิตย์ละครั้ง,เดือนละ 2-3 ครั้ง,เดือนละ 2-3 ครั้ง,เดือนละ 2-3 ครั้ง,แทบไม่ได้บริโภคเลย,หลายเดือนครั้ง,หลายเดือนครั้ง,หลายเดือนครั้ง,หลายเดือนครั้ง,แทบไม่ได้บริโภคเลย,เดือนละครั้ง,เดือนละครั้ง,เดือนละครั้ง,เดือนละครั้ง,เดือนละครั้ง,เดือนละครั้ง,แทบทุกวัน,เดือนละ 2-3 ครั้ง,เดือนละครั้ง,เดือนละครั้ง,อาทิตย์ละครั้ง,อาทิตย์ละครั้ง,หลายเดือนครั้ง,หลายเดือนครั้ง,หลายเดือนครั้ง,หลายเดือนครั้ง,ขนมหวาน,16-10-29,หญิง
1-9-2021 10:10:50,สนใจอย่างมากที่สุด,สนใจอย่างมาก,สนใจอย่างมาก,สนใจอย่างมาก,เฉยๆ,ไม่สนใจ,สนใจอย่างมาก,สนใจ,สนใจ,เฉยๆ,เฉยๆ,สนใจ,สนใจ,ไม่สนใจอย่างมากที่สุด,สนใจอย่างมากที่สุด,ไม่สนใจ,สนใจ,เฉยๆ,สนใจ,สนใจอย่างมาก,เฉยๆ,สนใจ,สนใจ,ไม่สนใจอย่างมาก,สนใจ,สนใจอย่างมาก,สนใจอย่างมาก,ไม่สนใจอย่างมาก,ไม่สนใจอย่างมาก,ไม่สนใจอย่างมากที่สุด,อาทิตย์ละครั้ง,เดือนละครั้ง,แทบทุกวัน,อาทิตย์ละครั้ง,เดือนละครั้ง,เดือนละครั้ง,เดือนละ 2-3 ครั้ง,เดือนละครั้ง,หลายเดือนครั้ง,หลายเดือนครั้ง,หลายเดือนครั้ง,เดือนละครั้ง,แทบไม่ได้บริโภคเลย,แทบไม่ได้บริโภคเลย,เดือนละครั้ง,หลายเดือนครั้ง,อาทิตย์ละครั้ง,เดือนละครั้ง,เดือนละครั้ง,เดือนละครั้ง,เดือนละครั้ง,เดือนละ 2-3 ครั้ง,เดือนละ 2-3 ครั้ง,แทบไม่ได้บริโภคเลย,หลายเดือนครั้ง,เดือนละครั้ง,เดือนละ 2-3 ครั้ง,แทบไม่ได้บริโภคเลย,แทบไม่ได้บริโภคเลย,แทบไม่ได้บริโภคเลย,จิตตปัญญา,06-01-92,หญิง
1-9-2021 10:10:51,สนใจ,สนใจ,สนใจ,สนใจ,สนใจอย่างมาก,สนใจอย่างมาก,สนใจอย่างมาก,สนใจอย่างมาก,ไม่สนใจ,สนใจอย่างมาก,สนใจอย่างมาก,สนใจอย่างมากที่สุด,เฉยๆ,ไม่สนใจอย่างมาก,สนใจ,สนใจอย่างมาก,สนใจ,สนใจ,เฉยๆ,ไม่สนใจอย่างมาก,ไม่สนใจอย่างมาก,เฉยๆ,สนใจ,ไม่สนใจอย่างมากที่สุด,เฉยๆ,สนใจ,เฉยๆ,ไม่สนใจอย่างมาก,ไม่สนใจ,สนใจ,หลายเดือนครั้ง,หลายเดือนครั้ง,แทบทุกวัน,เดือนละ 2-3 ครั้ง,อาทิตย์ละครั้ง,หลายเดือนครั้ง,หลายเดือนครั้ง,หลายเดือนครั้ง,หลายเดือนครั้ง,เดือนละ 2-3 ครั้ง,อาทิตย์ละครั้ง,อาทิตย์ละครั้ง,เดือนละครั้ง,แทบไม่ได้บริโภคเลย,หลายเดือนครั้ง,เดือนละ 2-3 ครั้ง,เดือนละ 2-3 ครั้ง,เดือนละ 2-3 ครั้ง,เดือนละ 2-3 ครั้ง,แทบไม่ได้บริโภคเลย,เดือนละ 2-3 ครั้ง,เดือนละ 2-3 ครั้ง,เดือนละ 2-3 ครั้ง,แทบไม่ได้บริโภคเลย,เดือนละครั้ง,เดือนละครั้ง,แทบไม่ได้บริโภคเลย,แทบไม่ได้บริโภคเลย,เดือนละครั้ง,เดือนละครั้ง,สัตว์เลี้ยง เพลง สินค้าเพื่อการทำงานอยู่ที่บ้าน,12-06-90,หญิง
1-9-2021 10:10:58,สนใจอย่างมาก,สนใจ,สนใจ,เฉยๆ,สนใจอย่างมากที่สุด,สนใจ,สนใจ,สนใจอย่างมาก,ไม่สนใจ,สนใจ,เฉยๆ,สนใจ,สนใจอย่างมาก,สนใจอย่างมากที่สุด,สนใจอย่างมาก,สนใจอย่างมาก,สนใจอย่างมาก,สนใจ,สนใจ,สนใจ,สนใจ,สนใจอย่างมาก,สนใจ,สนใจอย่างมาก,สนใจ,สนใจ,เฉยๆ,เฉยๆ,เฉยๆ,ไม่สนใจ,เดือนละครั้ง,เดือนละ 2-3 ครั้ง,แทบทุกวัน,หลายเดือนครั้ง,แทบทุกวัน,หลายเดือนครั้ง,เดือนละครั้ง,เดือนละครั้ง,แทบไม่ได้บริโภคเลย,หลายเดือนครั้ง,แทบไม่ได้บริโภคเลย,หลายเดือนครั้ง,อาทิตย์ละครั้ง,อาทิตย์ละครั้ง,เดือนละครั้ง,อาทิตย์ละครั้ง,แทบทุกวัน,หลายเดือนครั้ง,แทบทุกวัน,อาทิตย์ละครั้ง,อาทิตย์ละครั้ง,แทบทุกวัน,เดือนละ 2-3 ครั้ง,เดือนละ 2-3 ครั้ง,เดือนละ 2-3 ครั้ง,เดือนละครั้ง,หลายเดือนครั้ง,แทบไม่ได้บริโภคเลย,แทบไม่ได้บริโภคเลย,หลายเดือนครั้ง,"ฟังเพลง,ศึกษาด้านจิตวิทยา,การทำสมาธิ,สัตว์เลี้ยง,ปลูกต้นไม้",20-05-77,ชาย
1-9-2021 10:11:03,สนใจอย่างมาก,สนใจอย่างมาก,สนใจอย่างมาก,สนใจ,เฉยๆ,สนใจ,สนใจ,สนใจอย่างมาก,เฉยๆ,สนใจ,เฉยๆ,สนใจ,เฉยๆ,สนใจอย่างมาก,สนใจอย่างมาก,สนใจอย่างมาก,สนใจ,สนใจอย่างมาก,สนใจ,สนใจ,สนใจอย่างมากที่สุด,สนใจอย่างมากที่สุด,สนใจ,สนใจอย่างมาก,สนใจ,สนใจ,เฉยๆ,เฉยๆ,เฉยๆ,สนใจอย่างมาก,เดือนละ 2-3 ครั้ง,เดือนละ 2-3 ครั้ง,เดือนละ 2-3 ครั้ง,เดือนละ 2-3 ครั้ง,หลายเดือนครั้ง,เดือนละครั้ง,เดือนละครั้ง,เดือนละ 2-3 ครั้ง,เดือนละ 2-3 ครั้ง,เดือนละครั้ง,แทบไม่ได้บริโภคเลย,หลายเดือนครั้ง,เดือนละ 2-3 ครั้ง,แทบทุกวัน,หลายเดือนครั้ง,แทบทุกวัน,แทบทุกวัน,อาทิตย์ละครั้ง,แทบทุกวัน,อาทิตย์ละครั้ง,แทบทุกวัน,แทบทุกวัน,อาทิตย์ละครั้ง,แทบทุกวัน,เดือนละ 2-3 ครั้ง,เดือนละ 2-3 ครั้ง,แทบไม่ได้บริโภคเลย,แทบไม่ได้บริโภคเลย,แทบไม่ได้บริโภคเลย,แทบทุกวัน,Content เกี่ยวกับกีฬา (ฟุตบอล),13-09-31,ชาย
1-9-2021 10:11:17,สนใจอย่างมากที่สุด,ไม่สนใจอย่างมากที่สุด,สนใจ,ไม่สนใจ,ไม่สนใจอย่างมากที่สุด,สนใจอย่างมากที่สุด,สนใจอย่างมากที่สุด,สนใจอย่างมากที่สุด,ไม่สนใจอย่างมากที่สุด,สนใจอย่างมากที่สุด,สนใจอย่างมากที่สุด,สนใจอย่างมากที่สุด,สนใจ,สนใจ,เฉยๆ,เฉยๆ,เฉยๆ,เฉยๆ,เฉยๆ,เฉยๆ,สนใจ,เฉยๆ,สนใจ,สนใจ,สนใจอย่างมาก,ไม่สนใจ,ไม่สนใจอย่างมากที่สุด,ไม่สนใจอย่างมาก,เฉยๆ,ไม่สนใจอย่างมากที่สุด,เดือนละ 2-3 ครั้ง,แทบไม่ได้บริโภคเลย,แทบทุกวัน,หลายเดือนครั้ง,แทบไม่ได้บริโภคเลย,เดือนละ 2-3 ครั้ง,เดือนละ 2-3 ครั้ง,หลายเดือนครั้ง,แทบไม่ได้บริโภคเลย,เดือนละ 2-3 ครั้ง,แทบทุกวัน,แทบทุกวัน,หลายเดือนครั้ง,แทบทุกวัน,แทบไม่ได้บริโภคเลย,แทบไม่ได้บริโภคเลย,แทบไม่ได้บริโภคเลย,อาทิตย์ละครั้ง,หลายเดือนครั้ง,หลายเดือนครั้ง,แทบทุกวัน,แทบไม่ได้บริโภคเลย,แทบทุกวัน,แทบทุกวัน,แทบทุกวัน,แทบไม่ได้บริโภคเลย,แทบไม่ได้บริโภคเลย,แทบไม่ได้บริโภคเลย,อาทิตย์ละครั้ง,แทบไม่ได้บริโภคเลย,content ข่าวปัจจุบัน,04-05-39,หญิง
1-9-2021 10:11:27,สนใจ,เฉยๆ,สนใจอย่างมากที่สุด,สนใจอย่างมาก,เฉยๆ,สนใจอย่างมากที่สุด,สนใจ,สนใจอย่างมาก,สนใจอย่างมาก,สนใจอย่างมากที่สุด,สนใจอย่างมากที่สุด,สนใจอย่างมากที่สุด,ไม่สนใจ,เฉยๆ,สนใจอย่างมากที่สุด,ไม่สนใจ,เฉยๆ,เฉยๆ,สนใจอย่างมาก,สนใจอย่างมาก,สนใจอย่างมาก,สนใจอย่างมากที่สุด,สนใจอย่างมากที่สุด,ไม่สนใจอย่างมาก,เฉยๆ,สนใจอย่างมาก,สนใจอย่างมากที่สุด,เฉยๆ,เฉยๆ,เฉยๆ,เดือนละครั้ง,หลายเดือนครั้ง,แทบทุกวัน,อาทิตย์ละครั้ง,หลายเดือนครั้ง,เดือนละครั้ง,เดือนละครั้ง,เดือนละครั้ง,เดือนละ 2-3 ครั้ง,อาทิตย์ละครั้ง,อาทิตย์ละครั้ง,เดือนละ 2-3 ครั้ง,เดือนละครั้ง,แทบไม่ได้บริโภคเลย,แทบไม่ได้บริโภคเลย,เดือนละครั้ง,เดือนละ 2-3 ครั้ง,เดือนละ 2-3 ครั้ง,เดือนละ 2-3 ครั้ง,อาทิตย์ละครั้ง,แทบทุกวัน,แทบทุกวัน,แทบทุกวัน,แทบไม่ได้บริโภคเลย,เดือนละ 2-3 ครั้ง,อาทิตย์ละครั้ง,แทบทุกวัน,หลายเดือนครั้ง,เดือนละครั้ง,หลายเดือนครั้ง,-,20-03-96,หญิง
1-9-2021 10:11:31,สนใจ,สนใจ,สนใจอย่างมาก,สนใจ,เฉยๆ,เฉยๆ,สนใจอย่างมาก,สนใจ,สนใจอย่างมาก,สนใจ,เฉยๆ,สนใจอย่างมาก,สนใจ,สนใจอย่างมาก,สนใจอย่างมากที่สุด,สนใจอย่างมากที่สุด,สนใจอย่างมาก,สนใจอย่างมาก,สนใจอย่างมาก,สนใจอย่างมากที่สุด,สนใจอย่างมาก,สนใจอย่างมาก,สนใจอย่างมาก,สนใจอย่างมาก,สนใจ,สนใจอย่างมาก,สนใจอย่างมาก,สนใจ,สนใจ,สนใจ,เดือนละ 2-3 ครั้ง,เดือนละ 2-3 ครั้ง,แทบทุกวัน,เดือนละ 2-3 ครั้ง,เดือนละครั้ง,แทบไม่ได้บริโภคเลย,เดือนละครั้ง,เดือนละครั้ง,อาทิตย์ละครั้ง,หลายเดือนครั้ง,หลายเดือนครั้ง,หลายเดือนครั้ง,อาทิตย์ละครั้ง,แทบทุกวัน,อาทิตย์ละครั้ง,แทบทุกวัน,แทบทุกวัน,อาทิตย์ละครั้ง,เดือนละ 2-3 ครั้ง,เดือนละ 2-3 ครั้ง,แทบทุกวัน,เดือนละ 2-3 ครั้ง,เดือนละ 2-3 ครั้ง,อาทิตย์ละครั้ง,แทบทุกวัน,แทบทุกวัน,อาทิตย์ละครั้ง,อาทิตย์ละครั้ง,อาทิตย์ละครั้ง,แทบทุกวัน,"การช่วยเหลือสังคม, ชา และ กาแฟ",27-11-85,หญิง
1-9-2021 10:11:40,เฉยๆ,ไม่สนใจ,สนใจ,สนใจ,ไม่สนใจ,ไม่สนใจ,ไม่สนใจ,สนใจ,ไม่สนใจอย่างมาก,ไม่สนใจอย่างมาก,ไม่สนใจอย่างมากที่สุด,ไม่สนใจอย่างมากที่สุด,ไม่สนใจ,เฉยๆ,เฉยๆ,สนใจ,สนใจ,สนใจ,เฉยๆ,สนใจ,สนใจ,เฉยๆ,เฉยๆ,เฉยๆ,ไม่สนใจ,ไม่สนใจ,ไม่สนใจอย่างมาก,ไม่สนใจอย่างมากที่สุด,ไม่สนใจอย่างมากที่สุด,เฉยๆ,หลายเดือนครั้ง,หลายเดือนครั้ง,แทบทุกวัน,อาทิตย์ละครั้ง,แทบไม่ได้บริโภคเลย,หลายเดือนครั้ง,หลายเดือนครั้ง,เดือนละครั้ง,เดือนละครั้ง,แทบไม่ได้บริโภคเลย,แทบไม่ได้บริโภคเลย,แทบไม่ได้บริโภคเลย,แทบไม่ได้บริโภคเลย,แทบไม่ได้บริโภคเลย,แทบไม่ได้บริโภคเลย,แทบทุกวัน,แทบทุกวัน,อาทิตย์ละครั้ง,หลายเดือนครั้ง,เดือนละครั้ง,แทบทุกวัน,แทบไม่ได้บริโภคเลย,หลายเดือนครั้ง,แทบไม่ได้บริโภคเลย,แทบไม่ได้บริโภคเลย,แทบไม่ได้บริโภคเลย,แทบไม่ได้บริโภคเลย,แทบไม่ได้บริโภคเลย,แทบไม่ได้บริโภคเลย,แทบทุกวัน,เศรษฐกิจ,31-07-84,ชาย
1-9-2021 10:11:42,สนใจอย่างมาก,สนใจ,สนใจ,สนใจอย่างมาก,สนใจ,เฉยๆ,สนใจอย่างมาก,เฉยๆ,สนใจ,เฉยๆ,เฉยๆ,สนใจ,สนใจ,เฉยๆ,สนใจอย่างมากที่สุด,สนใจ,สนใจ,สนใจ,สนใจ,สนใจ,สนใจ,สนใจ,ไม่สนใจอย่างมาก,ไม่สนใจ,สนใจ,สนใจอย่างมาก,สนใจอย่างมากที่สุด,ไม่สนใจอย่างมาก,ไม่สนใจอย่างมาก,สนใจอย่างมาก,อาทิตย์ละครั้ง,เดือนละครั้ง,อาทิตย์ละครั้ง,อาทิตย์ละครั้ง,เดือนละ 2-3 ครั้ง,เดือนละ 2-3 ครั้ง,เดือนละ 2-3 ครั้ง,เดือนละ 2-3 ครั้ง,เดือนละครั้ง,เดือนละครั้ง,แทบไม่ได้บริโภคเลย,เดือนละ 2-3 ครั้ง,อาทิตย์ละครั้ง,หลายเดือนครั้ง,เดือนละครั้ง,อาทิตย์ละครั้ง,แทบทุกวัน,เดือนละครั้ง,เดือนละ 2-3 ครั้ง,เดือนละครั้ง,แทบทุกวัน,อาทิตย์ละครั้ง,หลายเดือนครั้ง,หลายเดือนครั้ง,อาทิตย์ละครั้ง,อาทิตย์ละครั้ง,อาทิตย์ละครั้ง,เดือนละ 2-3 ครั้ง,อาทิตย์ละครั้ง,อาทิตย์ละครั้ง,"รถยนต์/ไฟฟ้า, หุ้น, นาฬิกา, Gadgets, สัตว์เลี้ยง, Out Door Sports ",22-09-93,ชาย
1-9-2021 10:11:49,สนใจอย่างมาก,สนใจ,สนใจอย่างมากที่สุด,สนใจอย่างมากที่สุด,สนใจ,สนใจอย่างมาก,สนใจอย่างมาก,สนใจอย่างมาก,สนใจอย่างมาก,สนใจ,เฉยๆ,สนใจ,สนใจ,ไม่สนใจ,สนใจอย่างมากที่สุด,สนใจอย่างมาก,สนใจ,สนใจอย่างมาก,สนใจอย่างมาก,สนใจอย่างมาก,สนใจอย่างมากที่สุด,สนใจอย่างมากที่สุด,สนใจอย่างมาก,ไม่สนใจ,สนใจ,สนใจอย่างมากที่สุด,สนใจอย่างมาก,เฉยๆ,สนใจ,สนใจอย่างมาก,เดือนละ 2-3 ครั้ง,หลายเดือนครั้ง,แทบทุกวัน,อาทิตย์ละครั้ง,อาทิตย์ละครั้ง,เดือนละครั้ง,เดือนละครั้ง,เดือนละครั้ง,เดือนละ 2-3 ครั้ง,หลายเดือนครั้ง,แทบไม่ได้บริโภคเลย,หลายเดือนครั้ง,อาทิตย์ละครั้ง,แทบไม่ได้บริโภคเลย,หลายเดือนครั้ง,เดือนละครั้ง,เดือนละ 2-3 ครั้ง,เดือนละครั้ง,หลายเดือนครั้ง,อาทิตย์ละครั้ง,แทบทุกวัน,อาทิตย์ละครั้ง,แทบทุกวัน,แทบไม่ได้บริโภคเลย,เดือนละ 2-3 ครั้ง,อาทิตย์ละครั้ง,เดือนละ 2-3 ครั้ง,แทบไม่ได้บริโภคเลย,หลายเดือนครั้ง,อาทิตย์ละครั้ง,ไม่มี,30-10-91,ชาย
1-9-2021 10:11:59,สนใจอย่างมากที่สุด,สนใจ,สนใจอย่างมากที่สุด,สนใจอย่างมาก,สนใจอย่างมาก,สนใจ,สนใจอย่างมาก,สนใจ,เฉยๆ,สนใจอย่างมากที่สุด,สนใจ,สนใจอย่างมาก,สนใจอย่างมาก,เฉยๆ,สนใจอย่างมากที่สุด,สนใจ,สนใจอย่างมาก,สนใจอย่างมาก,สนใจอย่างมาก,สนใจ,สนใจ,สนใจอย่างมาก,สนใจ,เฉยๆ,สนใจอย่างมาก,สนใจอย่างมาก,สนใจ,เฉยๆ,เฉยๆ,เฉยๆ,เดือนละ 2-3 ครั้ง,หลายเดือนครั้ง,แทบทุกวัน,อาทิตย์ละครั้ง,อาทิตย์ละครั้ง,หลายเดือนครั้ง,เดือนละครั้ง,หลายเดือนครั้ง,หลายเดือนครั้ง,อาทิตย์ละครั้ง,หลายเดือนครั้ง,หลายเดือนครั้ง,แทบทุกวัน,อาทิตย์ละครั้ง,เดือนละ 2-3 ครั้ง,อาทิตย์ละครั้ง,อาทิตย์ละครั้ง,อาทิตย์ละครั้ง,แทบทุกวัน,เดือนละครั้ง,อาทิตย์ละครั้ง,แทบทุกวัน,แทบทุกวัน,เดือนละครั้ง,แทบทุกวัน,แทบทุกวัน,อาทิตย์ละครั้ง,อาทิตย์ละครั้ง,อาทิตย์ละครั้ง,อาทิตย์ละครั้ง,รถยนต์ บ้าน คอนโด,22-05-85,หญิง
1-9-2021 10:12:25,สนใจอย่างมากที่สุด,เฉยๆ,สนใจ,สนใจอย่างมาก,สนใจอย่างมาก,สนใจอย่างมาก,สนใจ,สนใจ,สนใจอย่างมาก,เฉยๆ,เฉยๆ,สนใจอย่างมาก,เฉยๆ,เฉยๆ,สนใจ,สนใจ,สนใจ,สนใจ,สนใจอย่างมาก,สนใจอย่างมาก,สนใจอย่างมาก,สนใจอย่างมาก,สนใจ,เฉยๆ,สนใจ,สนใจ,ไม่สนใจ,เฉยๆ,เฉยๆ,เฉยๆ,แทบทุกวัน,แทบไม่ได้บริโภคเลย,แทบทุกวัน,อาทิตย์ละครั้ง,เดือนละ 2-3 ครั้ง,เดือนละครั้ง,หลายเดือนครั้ง,หลายเดือนครั้ง,หลายเดือนครั้ง,เดือนละครั้ง,เดือนละครั้ง,เดือนละ 2-3 ครั้ง,เดือนละครั้ง,เดือนละ 2-3 ครั้ง,เดือนละครั้ง,อาทิตย์ละครั้ง,เดือนละ 2-3 ครั้ง,เดือนละ 2-3 ครั้ง,อาทิตย์ละครั้ง,อาทิตย์ละครั้ง,แทบทุกวัน,อาทิตย์ละครั้ง,เดือนละ 2-3 ครั้ง,หลายเดือนครั้ง,เดือนละครั้ง,เดือนละครั้ง,แทบไม่ได้บริโภคเลย,หลายเดือนครั้ง,หลายเดือนครั้ง,หลายเดือนครั้ง,"สนใจเรื่องของเทคโนโลยีใหม่ๆ เช่น มือถือ หูฟัง และฟั
เพลงใหม่ๆ",06-02-88,หญิง
1-9-2021 10:13:19,สนใจอย่างมาก,สนใจอย่างมาก,ไม่สนใจอย่างมากที่สุด,ไม่สนใจอย่างมากที่สุด,เฉยๆ,สนใจอย่างมาก,สนใจอย่างมาก,สนใจอย่างมาก,ไม่สนใจ,เฉยๆ,ไม่สนใจอย่างมากที่สุด,ไม่สนใจอย่างมากที่สุด,เฉยๆ,ไม่สนใจ,สนใจอย่างมากที่สุด,สนใจอย่างมากที่สุด,สนใจอย่างมากที่สุด,เฉยๆ,เฉยๆ,สนใจอย่างมาก,เฉยๆ,ไม่สนใจ,ไม่สนใจ,ไม่สนใจอย่างมากที่สุด,เฉยๆ,สนใจ,สนใจ,เฉยๆ,ไม่สนใจ,ไม่สนใจ,เดือนละ 2-3 ครั้ง,อาทิตย์ละครั้ง,เดือนละครั้ง,แทบไม่ได้บริโภคเลย,หลายเดือนครั้ง,เดือนละครั้ง,เดือนละครั้ง,หลายเดือนครั้ง,แทบไม่ได้บริโภคเลย,แทบไม่ได้บริโภคเลย,แทบไม่ได้บริโภคเลย,แทบไม่ได้บริโภคเลย,แทบไม่ได้บริโภคเลย,แทบไม่ได้บริโภคเลย,หลายเดือนครั้ง,แทบทุกวัน,แทบทุกวัน,เดือนละ 2-3 ครั้ง,แทบไม่ได้บริโภคเลย,เดือนละ 2-3 ครั้ง,อาทิตย์ละครั้ง,แทบไม่ได้บริโภคเลย,เดือนละ 2-3 ครั้ง,แทบไม่ได้บริโภคเลย,หลายเดือนครั้ง,เดือนละ 2-3 ครั้ง,หลายเดือนครั้ง,หลายเดือนครั้ง,แทบไม่ได้บริโภคเลย,แทบไม่ได้บริโภคเลย,เทคโนโลยี,18-11-98,หญิง
1-9-2021 10:13:59,สนใจอย่างมากที่สุด,สนใจอย่างมาก,สนใจ,สนใจ,เฉยๆ,สนใจ,สนใจอย่างมาก,สนใจอย่างมากที่สุด,ไม่สนใจอย่างมาก,ไม่สนใจ,ไม่สนใจอย่างมากที่สุด,เฉยๆ,เฉยๆ,สนใจอย่างมาก,สนใจ,เฉยๆ,เฉยๆ,สนใจอย่างมาก,เฉยๆ,สนใจ,สนใจ,สนใจ,ไม่สนใจ,สนใจอย่างมาก,สนใจอย่างมาก,เฉยๆ,ไม่สนใจ,ไม่สนใจอย่างมากที่สุด,ไม่สนใจอย่างมากที่สุด,เฉยๆ,อาทิตย์ละครั้ง,แทบทุกวัน,แทบทุกวัน,เดือนละ 2-3 ครั้ง,หลายเดือนครั้ง,เดือนละ 2-3 ครั้ง,เดือนละ 2-3 ครั้ง,เดือนละ 2-3 ครั้ง,แทบไม่ได้บริโภคเลย,แทบไม่ได้บริโภคเลย,แทบไม่ได้บริโภคเลย,แทบไม่ได้บริโภคเลย,แทบไม่ได้บริโภคเลย,อาทิตย์ละครั้ง,แทบไม่ได้บริโภคเลย,แทบไม่ได้บริโภคเลย,อาทิตย์ละครั้ง,หลายเดือนครั้ง,เดือนละครั้ง,เดือนละครั้ง,อาทิตย์ละครั้ง,เดือนละ 2-3 ครั้ง,เดือนละครั้ง,อาทิตย์ละครั้ง,อาทิตย์ละครั้ง,แทบไม่ได้บริโภคเลย,แทบไม่ได้บริโภคเลย,แทบไม่ได้บริโภคเลย,แทบไม่ได้บริโภคเลย,เดือนละ 2-3 ครั้ง,Content เกี่ยวกับ Technical Knowledge,17-03-80,ชาย
1-9-2021 10:14:03,สนใจอย่างมากที่สุด,เฉยๆ,สนใจอย่างมากที่สุด,สนใจอย่างมากที่สุด,สนใจ,สนใจอย่างมากที่สุด,สนใจอย่างมากที่สุด,สนใจอย่างมากที่สุด,สนใจอย่างมากที่สุด,สนใจอย่างมาก,เฉยๆ,สนใจ,สนใจอย่างมากที่สุด,สนใจ,สนใจอย่างมาก,สนใจ,เฉยๆ,สนใจ,สนใจ,สนใจอย่างมาก,สนใจอย่างมากที่สุด,สนใจ,เฉยๆ,เฉยๆ,สนใจ,สนใจ,สนใจ,ไม่สนใจ,ไม่สนใจ,สนใจ,เดือนละ 2-3 ครั้ง,แทบไม่ได้บริโภคเลย,แทบทุกวัน,เดือนละ 2-3 ครั้ง,เดือนละ 2-3 ครั้ง,เดือนละ 2-3 ครั้ง,เดือนละ 2-3 ครั้ง,เดือนละ 2-3 ครั้ง,เดือนละ 2-3 ครั้ง,เดือนละครั้ง,แทบไม่ได้บริโภคเลย,แทบไม่ได้บริโภคเลย,อาทิตย์ละครั้ง,อาทิตย์ละครั้ง,หลายเดือนครั้ง,อาทิตย์ละครั้ง,เดือนละ 2-3 ครั้ง,อาทิตย์ละครั้ง,หลายเดือนครั้ง,เดือนละครั้ง,แทบทุกวัน,แทบไม่ได้บริโภคเลย,เดือนละครั้ง,เดือนละครั้ง,เดือนละ 2-3 ครั้ง,เดือนละ 2-3 ครั้ง,เดือนละ 2-3 ครั้ง,หลายเดือนครั้ง,หลายเดือนครั้ง,อาทิตย์ละครั้ง,"งานวิ่งมาราธอน , คอนเสิร์ต , music festival",04-02-96,ชาย
1-9-2021 10:14:32,สนใจอย่างมากที่สุด,สนใจ,สนใจ,สนใจ,เฉยๆ,สนใจอย่างมากที่สุด,สนใจอย่างมากที่สุด,สนใจ,ไม่สนใจอย่างมาก,สนใจ,สนใจ,สนใจ,เฉยๆ,สนใจอย่างมากที่สุด,เฉยๆ,สนใจ,เฉยๆ,สนใจ,สนใจอย่างมาก,สนใจอย่างมาก,สนใจ,สนใจอย่างมาก,เฉยๆ,สนใจอย่างมากที่สุด,สนใจ,สนใจ,เฉยๆ,ไม่สนใจ,เฉยๆ,ไม่สนใจอย่างมาก,เดือนละครั้ง,หลายเดือนครั้ง,เดือนละครั้ง,เดือนละครั้ง,แทบไม่ได้บริโภคเลย,เดือนละครั้ง,เดือนละครั้ง,เดือนละครั้ง,แทบไม่ได้บริโภคเลย,หลายเดือนครั้ง,หลายเดือนครั้ง,หลายเดือนครั้ง,เดือนละ 2-3 ครั้ง,แทบทุกวัน,หลายเดือนครั้ง,อาทิตย์ละครั้ง,เดือนละ 2-3 ครั้ง,อาทิตย์ละครั้ง,อาทิตย์ละครั้ง,เดือนละครั้ง,แทบทุกวัน,อาทิตย์ละครั้ง,อาทิตย์ละครั้ง,แทบทุกวัน,อาทิตย์ละครั้ง,อาทิตย์ละครั้ง,หลายเดือนครั้ง,เดือนละครั้ง,อาทิตย์ละครั้ง,เดือนละ 2-3 ครั้ง,วาดรูป,09-12-87,หญิง
1-9-2021 10:14:38,สนใจอย่างมากที่สุด,เฉยๆ,สนใจอย่างมาก,สนใจอย่างมาก,สนใจ,สนใจอย่างมากที่สุด,สนใจอย่างมาก,สนใจอย่างมาก,สนใจอย่างมาก,สนใจ,ไม่สนใจอย่างมากที่สุด,ไม่สนใจอย่างมากที่สุด,สนใจอย่างมาก,สนใจอย่างมาก,สนใจอย่างมากที่สุด,สนใจ,สนใจอย่างมาก,สนใจอย่างมาก,สนใจอย่างมากที่สุด,สนใจอย่างมากที่สุด,สนใจ,สนใจอย่างมากที่สุด,เฉยๆ,สนใจ,สนใจอย่างมากที่สุด,สนใจอย่างมาก,เฉยๆ,เฉยๆ,เฉยๆ,สนใจอย่างมากที่สุด,แทบทุกวัน,เดือนละครั้ง,อาทิตย์ละครั้ง,อาทิตย์ละครั้ง,เดือนละ 2-3 ครั้ง,เดือนละครั้ง,เดือนละ 2-3 ครั้ง,เดือนละ 2-3 ครั้ง,อาทิตย์ละครั้ง,อาทิตย์ละครั้ง,แทบไม่ได้บริโภคเลย,หลายเดือนครั้ง,อาทิตย์ละครั้ง,เดือนละ 2-3 ครั้ง,อาทิตย์ละครั้ง,เดือนละ 2-3 ครั้ง,เดือนละ 2-3 ครั้ง,อาทิตย์ละครั้ง,แทบทุกวัน,แทบทุกวัน,เดือนละครั้ง,แทบทุกวัน,เดือนละครั้ง,หลายเดือนครั้ง,เดือนละ 2-3 ครั้ง,อาทิตย์ละครั้ง,แทบไม่ได้บริโภคเลย,เดือนละครั้ง,หลายเดือนครั้ง,แทบทุกวัน,หุ้น,25-03-94,ชาย
1-9-2021 10:16:08,เฉยๆ,สนใจอย่างมาก,เฉยๆ,เฉยๆ,สนใจ,เฉยๆ,เฉยๆ,สนใจ,สนใจ,สนใจ,สนใจ,สนใจอย่างมาก,สนใจ,ไม่สนใจ,สนใจ,สนใจ,สนใจ,สนใจ,สนใจ,เฉยๆ,เฉยๆ,เฉยๆ,ไม่สนใจ,ไม่สนใจอย่างมาก,ไม่สนใจ,ไม่สนใจ,ไม่สนใจ,ไม่สนใจ,ไม่สนใจอย่างมาก,ไม่สนใจ,เดือนละครั้ง,เดือนละ 2-3 ครั้ง,แทบทุกวัน,เดือนละ 2-3 ครั้ง,แทบทุกวัน,เดือนละครั้ง,เดือนละครั้ง,เดือนละครั้ง,แทบทุกวัน,เดือนละครั้ง,เดือนละครั้ง,เดือนละ 2-3 ครั้ง,แทบทุกวัน,หลายเดือนครั้ง,เดือนละครั้ง,แทบทุกวัน,แทบทุกวัน,เดือนละครั้ง,อาทิตย์ละครั้ง,เดือนละครั้ง,เดือนละครั้ง,เดือนละครั้ง,แทบไม่ได้บริโภคเลย,แทบไม่ได้บริโภคเลย,หลายเดือนครั้ง,เดือนละครั้ง,เดือนละครั้ง,แทบไม่ได้บริโภคเลย,แทบไม่ได้บริโภคเลย,เดือนละครั้ง,เป็นติ่งดาราจีน ดูผู้ชายจีนหล่อๆทุกวัน มีงานวิจัยบอกว่า ถ้ามองรูปคนหล่อ จะทำให้สมองพัฒนาและฉลาดขึ้น (ไม่แน่ใจว่าจริงไหม เลยเปิดดูรูป ผช ทุกวันเลยค่ะ) ,22-05-89,หญิง
1-9-2021 10:17:02,สนใจ,สนใจอย่างมากที่สุด,สนใจอย่างมากที่สุด,สนใจอย่างมากที่สุด,สนใจอย่างมากที่สุด,เฉยๆ,เฉยๆ,เฉยๆ,เฉยๆ,สนใจ,เฉยๆ,สนใจ,สนใจอย่างมากที่สุด,ไม่สนใจ,สนใจ,สนใจอย่างมาก,สนใจอย่างมาก,สนใจอย่างมากที่สุด,สนใจอย่างมากที่สุด,สนใจอย่างมากที่สุด,สนใจอย่างมาก,สนใจ,สนใจอย่างมากที่สุด,ไม่สนใจ,เฉยๆ,เฉยๆ,เฉยๆ,สนใจอย่างมาก,สนใจอย่างมากที่สุด,เฉยๆ,หลายเดือนครั้ง,หลายเดือนครั้ง,แทบทุกวัน,เดือนละ 2-3 ครั้ง,หลายเดือนครั้ง,หลายเดือนครั้ง,หลายเดือนครั้ง,หลายเดือนครั้ง,หลายเดือนครั้ง,หลายเดือนครั้ง,แทบไม่ได้บริโภคเลย,หลายเดือนครั้ง,อาทิตย์ละครั้ง,แทบไม่ได้บริโภคเลย,แทบไม่ได้บริโภคเลย,แทบทุกวัน,แทบทุกวัน,แทบทุกวัน,แทบทุกวัน,แทบไม่ได้บริโภคเลย,แทบทุกวัน,แทบไม่ได้บริโภคเลย,แทบทุกวัน,แทบไม่ได้บริโภคเลย,เดือนละครั้ง,หลายเดือนครั้ง,หลายเดือนครั้ง,แทบทุกวัน,แทบทุกวัน,อาทิตย์ละครั้ง,เรื่องเกี่ยวกับ ตลกขบขัน และ ธรรมะ,04-12-73,หญิง
1-9-2021 10:17:53,สนใจอย่างมาก,สนใจ,สนใจอย่างมาก,สนใจ,สนใจอย่างมากที่สุด,สนใจอย่างมาก,สนใจอย่างมากที่สุด,สนใจอย่างมาก,เฉยๆ,สนใจ,ไม่สนใจอย่างมาก,สนใจ,สนใจอย่างมากที่สุด,สนใจอย่างมากที่สุด,สนใจอย่างมากที่สุด,สนใจ,สนใจอย่างมาก,สนใจอย่างมาก,สนใจอย่างมากที่สุด,สนใจอย่างมากที่สุด,สนใจอย่างมากที่สุด,สนใจอย่างมากที่สุด,สนใจอย่างมากที่สุด,สนใจ,สนใจ,สนใจอย่างมากที่สุด,ไม่สนใจอย่างมาก,เฉยๆ,สนใจ,สนใจอย่างมาก,หลายเดือนครั้ง,หลายเดือนครั้ง,แทบทุกวัน,เดือนละ 2-3 ครั้ง,เดือนละ 2-3 ครั้ง,เดือนละ 2-3 ครั้ง,เดือนละ 2-3 ครั้ง,เดือนละครั้ง,หลายเดือนครั้ง,หลายเดือนครั้ง,แทบไม่ได้บริโภคเลย,หลายเดือนครั้ง,เดือนละ 2-3 ครั้ง,แทบทุกวัน,เดือนละครั้ง,เดือนละ 2-3 ครั้ง,แทบทุกวัน,เดือนละ 2-3 ครั้ง,แทบทุกวัน,แทบทุกวัน,แทบทุกวัน,เดือนละ 2-3 ครั้ง,อาทิตย์ละครั้ง,เดือนละ 2-3 ครั้ง,หลายเดือนครั้ง,เดือนละครั้ง,แทบไม่ได้บริโภคเลย,แทบไม่ได้บริโภคเลย,หลายเดือนครั้ง,อาทิตย์ละครั้ง,Podcast การพัมนาตนเอง,17-12-89,ชาย
1-9-2021 10:18:24,สนใจ,เฉยๆ,สนใจอย่างมาก,สนใจอย่างมาก,สนใจ,ไม่สนใจอย่างมาก,เฉยๆ,สนใจ,ไม่สนใจ,สนใจอย่างมาก,สนใจอย่างมาก,สนใจอย่างมาก,สนใจ,สนใจ,สนใจอย่างมากที่สุด,เฉยๆ,สนใจ,สนใจ,สนใจอย่างมาก,สนใจ,สนใจอย่างมาก,สนใจอย่างมาก,เฉยๆ,สนใจ,สนใจ,สนใจอย่างมาก,สนใจ,เฉยๆ,เฉยๆ,เฉยๆ,เดือนละครั้ง,หลายเดือนครั้ง,แทบทุกวัน,อาทิตย์ละครั้ง,อาทิตย์ละครั้ง,หลายเดือนครั้ง,หลายเดือนครั้ง,เดือนละครั้ง,หลายเดือนครั้ง,เดือนละ 2-3 ครั้ง,อาทิตย์ละครั้ง,แทบทุกวัน,อาทิตย์ละครั้ง,อาทิตย์ละครั้ง,เดือนละครั้ง,เดือนละครั้ง,เดือนละ 2-3 ครั้ง,อาทิตย์ละครั้ง,อาทิตย์ละครั้ง,เดือนละครั้ง,แทบทุกวัน,อาทิตย์ละครั้ง,เดือนละ 2-3 ครั้ง,อาทิตย์ละครั้ง,แทบทุกวัน,แทบทุกวัน,เดือนละ 2-3 ครั้ง,เดือนละครั้ง,เดือนละครั้ง,เดือนละ 2-3 ครั้ง,Content เกี่ยวกับสัตว์เลี้ยง,19-05-94,หญิง
1-9-2021 10:20:54,สนใจอย่างมากที่สุด,สนใจ,สนใจอย่างมาก,สนใจอย่างมาก,สนใจอย่างมาก,สนใจอย่างมากที่สุด,สนใจอย่างมากที่สุด,สนใจอย่างมากที่สุด,เฉยๆ,สนใจ,สนใจอย่างมาก,สนใจอย่างมากที่สุด,เฉยๆ,สนใจอย่างมากที่สุด,สนใจอย่างมากที่สุด,สนใจ,สนใจ,สนใจอย่างมาก,สนใจอย่างมากที่สุด,สนใจอย่างมากที่สุด,สนใจอย่างมาก,สนใจอย่างมากที่สุด,สนใจอย่างมาก,สนใจอย่างมาก,สนใจอย่างมากที่สุด,สนใจอย่างมากที่สุด,สนใจอย่างมากที่สุด,สนใจ,สนใจ,เฉยๆ,เดือนละ 2-3 ครั้ง,หลายเดือนครั้ง,เดือนละ 2-3 ครั้ง,อาทิตย์ละครั้ง,เดือนละครั้ง,เดือนละครั้ง,เดือนละครั้ง,เดือนละครั้ง,หลายเดือนครั้ง,หลายเดือนครั้ง,หลายเดือนครั้ง,อาทิตย์ละครั้ง,แทบไม่ได้บริโภคเลย,อาทิตย์ละครั้ง,เดือนละครั้ง,เดือนละครั้ง,เดือนละครั้ง,หลายเดือนครั้ง,อาทิตย์ละครั้ง,อาทิตย์ละครั้ง,เดือนละ 2-3 ครั้ง,อาทิตย์ละครั้ง,เดือนละครั้ง,เดือนละครั้ง,เดือนละครั้ง,เดือนละ 2-3 ครั้ง,เดือนละ 2-3 ครั้ง,แทบไม่ได้บริโภคเลย,หลายเดือนครั้ง,หลายเดือนครั้ง,ซีรี่ส์เกาหลี อาหารเกาหลี,20-06-90,หญิง
1-9-2021 10:21:33,สนใจ,เฉยๆ,เฉยๆ,เฉยๆ,สนใจอย่างมาก,เฉยๆ,เฉยๆ,เฉยๆ,ไม่สนใจ,ไม่สนใจ,ไม่สนใจอย่างมาก,เฉยๆ,สนใจอย่างมาก,สนใจอย่างมาก,สนใจอย่างมาก,สนใจ,ไม่สนใจ,สนใจ,สนใจ,สนใจ,สนใจ,สนใจ,ไม่สนใจ,เฉยๆ,เฉยๆ,เฉยๆ,เฉยๆ,ไม่สนใจ,ไม่สนใจอย่างมาก,ไม่สนใจอย่างมาก,เดือนละ 2-3 ครั้ง,เดือนละครั้ง,แทบทุกวัน,อาทิตย์ละครั้ง,แทบทุกวัน,เดือนละครั้ง,เดือนละครั้ง,เดือนละครั้ง,หลายเดือนครั้ง,แทบไม่ได้บริโภคเลย,แทบไม่ได้บริโภคเลย,หลายเดือนครั้ง,แทบทุกวัน,อาทิตย์ละครั้ง,หลายเดือนครั้ง,เดือนละ 2-3 ครั้ง,หลายเดือนครั้ง,อาทิตย์ละครั้ง,อาทิตย์ละครั้ง,เดือนละครั้ง,แทบทุกวัน,อาทิตย์ละครั้ง,เดือนละครั้ง,เดือนละ 2-3 ครั้ง,เดือนละครั้ง,เดือนละครั้ง,เดือนละครั้ง,หลายเดือนครั้ง,หลายเดือนครั้ง,หลายเดือนครั้ง,การลงทุน,26-03-91,ไม่ต้องการระบุ
